STRUCTURE,STRUCTURE_ID,STRUCTURE_NAME,ACTION,REF_AREA,Reference area,MEASURE,Measure,UNIT_MEASURE,Unit of measure,STATISTICAL_OPERATION,Statistical operation,OWNERSHIP_TYPE,Hospital type,HEALTH_FUNCTION,Healthcare function,CARE_TYPE,Care type,MEDICAL_TECH,Medical technology,HEALTH_CARE_PROVIDER,Healthcare provider,TIME_PERIOD,Time period,OBS_VALUE,Observation value,DECIMALS,Decimals,OBS_STATUS,Observation status,OBS_STATUS2,Observation status 2,OBS_STATUS3,Observation status 3,UNIT_MULT,Unit multiplier,REF_YEAR_PRICE,Price reference year
DATAFLOW,OECD.ELS.HD:DSD_HEALTH_REAC_HOSP@DF_BEDS_SECT(1.0),Hospital beds by sector,I,DNK,Denmark,HB,Hospital beds,10P3HB,Per 1 000 inhabitants,_Z,Not applicable​​,_T,Total,_Z,Not applicable,_Z,Not applicable,_Z,Not applicable,_Z,Not applicable,2020,,2.59,,,,,,,,,,,,,
DATAFLOW,OECD.ELS.HD:DSD_HEALTH_REAC_HOSP@DF_BEDS_SECT(1.0),Hospital beds by sector,I,DNK,Denmark,HB,Hospital beds,10P3HB,Per 1 000 inhabitants,_Z,Not applicable​​,_T,Total,_Z,Not applicable,_Z,Not applicable,_Z,Not applicable,_Z,Not applicable,2021,,2.52,,,,,,,,,,,,,
DATAFLOW,OECD.ELS.HD:DSD_HEALTH_REAC_HOSP@DF_BEDS_SECT(1.0),Hospital beds by sector,I,DNK,Denmark,HB,Hospital beds,10P3HB,Per 1 000 inhabitants,_Z,Not applicable​​,_T,Total,_Z,Not applicable,_Z,Not applicable,_Z,Not applicable,_Z,Not applicable,2022,,2.47,,,,,,,,,,,,,
DATAFLOW,OECD.ELS.HD:DSD_HEALTH_REAC_HOSP@DF_BEDS_SECT(1.0),Hospital beds by sector,I,FIN,Finland,HB,Hospital beds,10P3HB,Per 1 000 inhabitants,_Z,Not applicable​​,_T,Total,_Z,Not applicable,_Z,Not applicable,_Z,Not applicable,_Z,Not applicable,2018,,3.61,,,,E,Estimated value,,,,,,,,
DATAFLOW,OECD.ELS.HD:DSD_HEALTH_REAC_HOSP@DF_BEDS_SECT(1.0),Hospital beds by sector,I,FIN,Finland,HB,Hospital beds,10P3HB,Per 1 000 inhabitants,_Z,Not applicable​​,_T,Total,_Z,Not applicable,_Z,Not applicable,_Z,Not applicable,_Z,Not applicable,2020,,2.75,,,,E,Estimated value,,,,,,,,
DATAFLOW,OECD.ELS.HD:DSD_HEALTH_REAC_HOSP@DF_BEDS_SECT(1.0),Hospital beds by sector,I,ISR,Israel,HB,Hospital beds,10P3HB,Per 1 000 inhabitants,_Z,Not applicable​​,_T,Total,_Z,Not applicable,_Z,Not applicable,_Z,Not applicable,_Z,Not applicable,2019,,2.97,,,,,,,,,,,,,
DATAFLOW,OECD.ELS.HD:DSD_HEALTH_REAC_HOSP@DF_BEDS_SECT(1.0),Hospital beds by sector,I,ISR,Israel,HB,Hospital beds,10P3HB,Per 1 000 inhabitants,_Z,Not applicable​​,_T,Total,_Z,Not applicable,_Z,Not applicable,_Z,Not applicable,_Z,Not applicable,2020,,2.92,,,,,,,,,,,,,
DATAFLOW,OECD.ELS.HD:DSD_HEALTH_REAC_HOSP@DF_BEDS_SECT(1.0),Hospital beds by sector,I,ISR,Israel,HB,Hospital beds,10P3HB,Per 1 000 inhabitants,_Z,Not applicable​​,_T,Total,_Z,Not applicable,_Z,Not applicable,_Z,Not applicable,_Z,Not applicable,2021,,2.91,,,,,,,,,,,,,
DATAFLOW,OECD.ELS.HD:DSD_HEALTH_REAC_HOSP@DF_BEDS_SECT(1.0),Hospital beds by sector,I,AUT,Austria,HB,Hospital beds,10P3HB,Per 1 000 inhabitants,_Z,Not applicable​​,_T,Total,_Z,Not applicable,_Z,Not applicable,_Z,Not applicable,_Z,Not applicable,2022,,6.71,,,,,,,,,,,,,
DATAFLOW,OECD.ELS.HD:DSD_HEALTH_REAC_HOSP@DF_BEDS_SECT(1.0),Hospital beds by sector,I,AUT,Austria,HB,Hospital beds,10P3HB,Per 1 000 inhabitants,_Z,Not applicable​​,_T,Total,_Z,Not applicable,_Z,Not applicable,_Z,Not applicable,_Z,Not applicable,2015,,7.55,,,,,,,,,,,,,
DATAFLOW,OECD.ELS.HD:DSD_HEALTH_REAC_HOSP@DF_BEDS_SECT(1.0),Hospital beds by sector,I,SVN,Slovenia,HB,Hospital beds,10P3HB,Per 1 000 inhabitants,_Z,Not applicable​​,_T,Total,_Z,Not applicable,_Z,Not applicable,_Z,Not applicable,_Z,Not applicable,2018,,4.44,,,,,,,,,,,,,
DATAFLOW,OECD.ELS.HD:DSD_HEALTH_REAC_HOSP@DF_BEDS_SECT(1.0),Hospital beds by sector,I,SVN,Slovenia,HB,Hospital beds,10P3HB,Per 1 000 inhabitants,_Z,Not applicable​​,_T,Total,_Z,Not applicable,_Z,Not applicable,_Z,Not applicable,_Z,Not applicable,2019,,4.43,,,,,,,,,,,,,
DATAFLOW,OECD.ELS.HD:DSD_HEALTH_REAC_HOSP@DF_BEDS_SECT(1.0),Hospital beds by sector,I,SVN,Slovenia,HB,Hospital beds,10P3HB,Per 1 000 inhabitants,_Z,Not applicable​​,_T,Total,_Z,Not applicable,_Z,Not applicable,_Z,Not applicable,_Z,Not applicable,2020,,4.28,,,,,,,,,,,,,
DATAFLOW,OECD.ELS.HD:DSD_HEALTH_REAC_HOSP@DF_BEDS_SECT(1.0),Hospital beds by sector,I,SVN,Slovenia,HB,Hospital beds,10P3HB,Per 1 000 inhabitants,_Z,Not applicable​​,_T,Total,_Z,Not applicable,_Z,Not applicable,_Z,Not applicable,_Z,Not applicable,2021,,4.25,,,,,,,,,,,,,
DATAFLOW,OECD.ELS.HD:DSD_HEALTH_REAC_HOSP@DF_BEDS_SECT(1.0),Hospital beds by sector,I,SVN,Slovenia,HB,Hospital beds,10P3HB,Per 1 000 inhabitants,_Z,Not applicable​​,_T,Total,_Z,Not applicable,_Z,Not applicable,_Z,Not applicable,_Z,Not applicable,2022,,4.13,,,,,,,,,,,,,
DATAFLOW,OECD.ELS.HD:DSD_HEALTH_REAC_HOSP@DF_BEDS_SECT(1.0),Hospital beds by sector,I,SVN,Slovenia,HB,Hospital beds,10P3HB,Per 1 000 inhabitants,_Z,Not applicable​​,_T,Total,_Z,Not applicable,_Z,Not applicable,_Z,Not applicable,_Z,Not applicable,2015,,4.52,,,,,,,,,,,,,
DATAFLOW,OECD.ELS.HD:DSD_HEALTH_REAC_HOSP@DF_BEDS_SECT(1.0),Hospital beds by sector,I,SVN,Slovenia,HB,Hospital beds,10P3HB,Per 1 000 inhabitants,_Z,Not applicable​​,_T,Total,_Z,Not applicable,_Z,Not applicable,_Z,Not applicable,_Z,Not applicable,2016,,4.49,,,,,,,,,,,,,
DATAFLOW,OECD.ELS.HD:DSD_HEALTH_REAC_HOSP@DF_BEDS_SECT(1.0),Hospital beds by sector,I,FIN,Finland,HB,Hospital beds,10P3HB,Per 1 000 inhabitants,_Z,Not applicable​​,_T,Total,_Z,Not applicable,_Z,Not applicable,_Z,Not applicable,_Z,Not applicable,2019,,3.35,,,,E,Estimated value,B,Time series break,,,,,,
DATAFLOW,OECD.ELS.HD:DSD_HEALTH_REAC_HOSP@DF_BEDS_SECT(1.0),Hospital beds by sector,I,FIN,Finland,HB,Hospital beds,10P3HB,Per 1 000 inhabitants,_Z,Not applicable​​,_T,Total,_Z,Not applicable,_Z,Not applicable,_Z,Not applicable,_Z,Not applicable,2016,,3.97,,,,E,Estimated value,,,,,,,,
DATAFLOW,OECD.ELS.HD:DSD_HEALTH_REAC_HOSP@DF_BEDS_SECT(1.0),Hospital beds by sector,I,FIN,Finland,HB,Hospital beds,10P3HB,Per 1 000 inhabitants,_Z,Not applicable​​,_T,Total,_Z,Not applicable,_Z,Not applicable,_Z,Not applicable,_Z,Not applicable,2017,,3.75,,,,E,Estimated value,,,,,,,,
DATAFLOW,OECD.ELS.HD:DSD_HEALTH_REAC_HOSP@DF_BEDS_SECT(1.0),Hospital beds by sector,I,AUT,Austria,HB,Hospital beds,10P3HB,Per 1 000 inhabitants,_Z,Not applicable​​,_T,Total,_Z,Not applicable,_Z,Not applicable,_Z,Not applicable,_Z,Not applicable,2019,,7.19,,,,,,,,,,,,,
DATAFLOW,OECD.ELS.HD:DSD_HEALTH_REAC_HOSP@DF_BEDS_SECT(1.0),Hospital beds by sector,I,AUT,Austria,HB,Hospital beds,10P3HB,Per 1 000 inhabitants,_Z,Not applicable​​,_T,Total,_Z,Not applicable,_Z,Not applicable,_Z,Not applicable,_Z,Not applicable,2020,,7.05,,,,,,,,,,,,,
DATAFLOW,OECD.ELS.HD:DSD_HEALTH_REAC_HOSP@DF_BEDS_SECT(1.0),Hospital beds by sector,I,AUT,Austria,HB,Hospital beds,10P3HB,Per 1 000 inhabitants,_Z,Not applicable​​,_T,Total,_Z,Not applicable,_Z,Not applicable,_Z,Not applicable,_Z,Not applicable,2021,,6.92,,,,,,,,,,,,,
DATAFLOW,OECD.ELS.HD:DSD_HEALTH_REAC_HOSP@DF_BEDS_SECT(1.0),Hospital beds by sector,I,EST,Estonia,HB,Hospital beds,10P3HB,Per 1 000 inhabitants,_Z,Not applicable​​,_T,Total,_Z,Not applicable,_Z,Not applicable,_Z,Not applicable,_Z,Not applicable,2016,,4.69,,,,,,,,,,,,,
DATAFLOW,OECD.ELS.HD:DSD_HEALTH_REAC_HOSP@DF_BEDS_SECT(1.0),Hospital beds by sector,I,EST,Estonia,HB,Hospital beds,10P3HB,Per 1 000 inhabitants,_Z,Not applicable​​,_T,Total,_Z,Not applicable,_Z,Not applicable,_Z,Not applicable,_Z,Not applicable,2017,,4.61,,,,,,,,,,,,,
DATAFLOW,OECD.ELS.HD:DSD_HEALTH_REAC_HOSP@DF_BEDS_SECT(1.0),Hospital beds by sector,I,EST,Estonia,HB,Hospital beds,10P3HB,Per 1 000 inhabitants,_Z,Not applicable​​,_T,Total,_Z,Not applicable,_Z,Not applicable,_Z,Not applicable,_Z,Not applicable,2018,,4.53,,,,,,,,,,,,,
DATAFLOW,OECD.ELS.HD:DSD_HEALTH_REAC_HOSP@DF_BEDS_SECT(1.0),Hospital beds by sector,I,EST,Estonia,HB,Hospital beds,10P3HB,Per 1 000 inhabitants,_Z,Not applicable​​,_T,Total,_Z,Not applicable,_Z,Not applicable,_Z,Not applicable,_Z,Not applicable,2019,,4.53,,,,,,,,,,,,,
DATAFLOW,OECD.ELS.HD:DSD_HEALTH_REAC_HOSP@DF_BEDS_SECT(1.0),Hospital beds by sector,I,EST,Estonia,HB,Hospital beds,10P3HB,Per 1 000 inhabitants,_Z,Not applicable​​,_T,Total,_Z,Not applicable,_Z,Not applicable,_Z,Not applicable,_Z,Not applicable,2020,,4.47,,,,,,,,,,,,,
DATAFLOW,OECD.ELS.HD:DSD_HEALTH_REAC_HOSP@DF_BEDS_SECT(1.0),Hospital beds by sector,I,EST,Estonia,HB,Hospital beds,10P3HB,Per 1 000 inhabitants,_Z,Not applicable​​,_T,Total,_Z,Not applicable,_Z,Not applicable,_Z,Not applicable,_Z,Not applicable,2021,,4.39,,,,,,,,,,,,,
DATAFLOW,OECD.ELS.HD:DSD_HEALTH_REAC_HOSP@DF_BEDS_SECT(1.0),Hospital beds by sector,I,EST,Estonia,HB,Hospital beds,10P3HB,Per 1 000 inhabitants,_Z,Not applicable​​,_T,Total,_Z,Not applicable,_Z,Not applicable,_Z,Not applicable,_Z,Not applicable,2022,,4.19,,,,,,,,,,,,,
DATAFLOW,OECD.ELS.HD:DSD_HEALTH_REAC_HOSP@DF_BEDS_SECT(1.0),Hospital beds by sector,I,EST,Estonia,HB,Hospital beds,10P3HB,Per 1 000 inhabitants,_Z,Not applicable​​,_T,Total,_Z,Not applicable,_Z,Not applicable,_Z,Not applicable,_Z,Not applicable,2015,,4.82,,,,,,,,,,,,,
DATAFLOW,OECD.ELS.HD:DSD_HEALTH_REAC_HOSP@DF_BEDS_SECT(1.0),Hospital beds by sector,I,LTU,Lithuania,HB,Hospital beds,10P3HB,Per 1 000 inhabitants,_Z,Not applicable​​,_T,Total,_Z,Not applicable,_Z,Not applicable,_Z,Not applicable,_Z,Not applicable,2016,,6.69,,,,,,,,,,,,,
DATAFLOW,OECD.ELS.HD:DSD_HEALTH_REAC_HOSP@DF_BEDS_SECT(1.0),Hospital beds by sector,I,LTU,Lithuania,HB,Hospital beds,10P3HB,Per 1 000 inhabitants,_Z,Not applicable​​,_T,Total,_Z,Not applicable,_Z,Not applicable,_Z,Not applicable,_Z,Not applicable,2017,,6.56,,,,,,,,,,,,,
DATAFLOW,OECD.ELS.HD:DSD_HEALTH_REAC_HOSP@DF_BEDS_SECT(1.0),Hospital beds by sector,I,LTU,Lithuania,HB,Hospital beds,10P3HB,Per 1 000 inhabitants,_Z,Not applicable​​,_T,Total,_Z,Not applicable,_Z,Not applicable,_Z,Not applicable,_Z,Not applicable,2018,,6.43,,,,,,,,,,,,,
DATAFLOW,OECD.ELS.HD:DSD_HEALTH_REAC_HOSP@DF_BEDS_SECT(1.0),Hospital beds by sector,I,LTU,Lithuania,HB,Hospital beds,10P3HB,Per 1 000 inhabitants,_Z,Not applicable​​,_T,Total,_Z,Not applicable,_Z,Not applicable,_Z,Not applicable,_Z,Not applicable,2019,,6.35,,,,,,,,,,,,,
DATAFLOW,OECD.ELS.HD:DSD_HEALTH_REAC_HOSP@DF_BEDS_SECT(1.0),Hospital beds by sector,I,LTU,Lithuania,HB,Hospital beds,10P3HB,Per 1 000 inhabitants,_Z,Not applicable​​,_T,Total,_Z,Not applicable,_Z,Not applicable,_Z,Not applicable,_Z,Not applicable,2020,,6.01,,,,,,,,,,,,,
DATAFLOW,OECD.ELS.HD:DSD_HEALTH_REAC_HOSP@DF_BEDS_SECT(1.0),Hospital beds by sector,I,LTU,Lithuania,HB,Hospital beds,10P3HB,Per 1 000 inhabitants,_Z,Not applicable​​,_T,Total,_Z,Not applicable,_Z,Not applicable,_Z,Not applicable,_Z,Not applicable,2021,,6.04,,,,,,,,,,,,,
DATAFLOW,OECD.ELS.HD:DSD_HEALTH_REAC_HOSP@DF_BEDS_SECT(1.0),Hospital beds by sector,I,LTU,Lithuania,HB,Hospital beds,10P3HB,Per 1 000 inhabitants,_Z,Not applicable​​,_T,Total,_Z,Not applicable,_Z,Not applicable,_Z,Not applicable,_Z,Not applicable,2022,,5.68,,,,,,,,,,,,,
DATAFLOW,OECD.ELS.HD:DSD_HEALTH_REAC_HOSP@DF_BEDS_SECT(1.0),Hospital beds by sector,I,LTU,Lithuania,HB,Hospital beds,10P3HB,Per 1 000 inhabitants,_Z,Not applicable​​,_T,Total,_Z,Not applicable,_Z,Not applicable,_Z,Not applicable,_Z,Not applicable,2015,,6.97,,,,,,,,,,,,,
DATAFLOW,OECD.ELS.HD:DSD_HEALTH_REAC_HOSP@DF_BEDS_SECT(1.0),Hospital beds by sector,I,GRC,Greece,HB,Hospital beds,10P3HB,Per 1 000 inhabitants,_Z,Not applicable​​,_T,Total,_Z,Not applicable,_Z,Not applicable,_Z,Not applicable,_Z,Not applicable,2015,,4.25,,,,,,,,,,,,,
DATAFLOW,OECD.ELS.HD:DSD_HEALTH_REAC_HOSP@DF_BEDS_SECT(1.0),Hospital beds by sector,I,GRC,Greece,HB,Hospital beds,10P3HB,Per 1 000 inhabitants,_Z,Not applicable​​,_T,Total,_Z,Not applicable,_Z,Not applicable,_Z,Not applicable,_Z,Not applicable,2016,,4.2,,,,,,,,,,,,,
DATAFLOW,OECD.ELS.HD:DSD_HEALTH_REAC_HOSP@DF_BEDS_SECT(1.0),Hospital beds by sector,I,GRC,Greece,HB,Hospital beds,10P3HB,Per 1 000 inhabitants,_Z,Not applicable​​,_T,Total,_Z,Not applicable,_Z,Not applicable,_Z,Not applicable,_Z,Not applicable,2017,,4.21,,,,,,,,,,,,,
DATAFLOW,OECD.ELS.HD:DSD_HEALTH_REAC_HOSP@DF_BEDS_SECT(1.0),Hospital beds by sector,I,ESP,Spain,HB,Hospital beds,10P3HB,Per 1 000 inhabitants,_Z,Not applicable​​,_T,Total,_Z,Not applicable,_Z,Not applicable,_Z,Not applicable,_Z,Not applicable,2018,,2.98,,,,,,,,,,,,,
DATAFLOW,OECD.ELS.HD:DSD_HEALTH_REAC_HOSP@DF_BEDS_SECT(1.0),Hospital beds by sector,I,ESP,Spain,HB,Hospital beds,10P3HB,Per 1 000 inhabitants,_Z,Not applicable​​,_T,Total,_Z,Not applicable,_Z,Not applicable,_Z,Not applicable,_Z,Not applicable,2019,,2.95,,,,,,,,,,,,,
DATAFLOW,OECD.ELS.HD:DSD_HEALTH_REAC_HOSP@DF_BEDS_SECT(1.0),Hospital beds by sector,I,FIN,Finland,HB,Hospital beds,10P3HB,Per 1 000 inhabitants,_Z,Not applicable​​,_T,Total,_Z,Not applicable,_Z,Not applicable,_Z,Not applicable,_Z,Not applicable,2021,,2.76,,,,E,Estimated value,,,,,,,,
DATAFLOW,OECD.ELS.HD:DSD_HEALTH_REAC_HOSP@DF_BEDS_SECT(1.0),Hospital beds by sector,I,FIN,Finland,HB,Hospital beds,10P3HB,Per 1 000 inhabitants,_Z,Not applicable​​,_T,Total,_Z,Not applicable,_Z,Not applicable,_Z,Not applicable,_Z,Not applicable,2015,,4.28,,,,E,Estimated value,,,,,,,,
DATAFLOW,OECD.ELS.HD:DSD_HEALTH_REAC_HOSP@DF_BEDS_SECT(1.0),Hospital beds by sector,I,AUT,Austria,HB,Hospital beds,10P3HB,Per 1 000 inhabitants,_Z,Not applicable​​,_T,Total,_Z,Not applicable,_Z,Not applicable,_Z,Not applicable,_Z,Not applicable,2016,,7.42,,,,,,,,,,,,,
DATAFLOW,OECD.ELS.HD:DSD_HEALTH_REAC_HOSP@DF_BEDS_SECT(1.0),Hospital beds by sector,I,ESP,Spain,HB,Hospital beds,10P3HB,Per 1 000 inhabitants,_Z,Not applicable​​,_T,Total,_Z,Not applicable,_Z,Not applicable,_Z,Not applicable,_Z,Not applicable,2015,,2.98,,,,,,,,,,,,,
DATAFLOW,OECD.ELS.HD:DSD_HEALTH_REAC_HOSP@DF_BEDS_SECT(1.0),Hospital beds by sector,I,ESP,Spain,HB,Hospital beds,10P3HB,Per 1 000 inhabitants,_Z,Not applicable​​,_T,Total,_Z,Not applicable,_Z,Not applicable,_Z,Not applicable,_Z,Not applicable,2016,,2.97,,,,,,,,,,,,,
DATAFLOW,OECD.ELS.HD:DSD_HEALTH_REAC_HOSP@DF_BEDS_SECT(1.0),Hospital beds by sector,I,GRC,Greece,HB,Hospital beds,10P3HB,Per 1 000 inhabitants,_Z,Not applicable​​,_T,Total,_Z,Not applicable,_Z,Not applicable,_Z,Not applicable,_Z,Not applicable,2018,,4.2,,,,,,,,,,,,,
DATAFLOW,OECD.ELS.HD:DSD_HEALTH_REAC_HOSP@DF_BEDS_SECT(1.0),Hospital beds by sector,I,GRC,Greece,HB,Hospital beds,10P3HB,Per 1 000 inhabitants,_Z,Not applicable​​,_T,Total,_Z,Not applicable,_Z,Not applicable,_Z,Not applicable,_Z,Not applicable,2019,,4.15,,,,,,,,,,,,,
DATAFLOW,OECD.ELS.HD:DSD_HEALTH_REAC_HOSP@DF_BEDS_SECT(1.0),Hospital beds by sector,I,ESP,Spain,HB,Hospital beds,10P3HB,Per 1 000 inhabitants,_Z,Not applicable​​,_T,Total,_Z,Not applicable,_Z,Not applicable,_Z,Not applicable,_Z,Not applicable,2017,,2.98,,,,,,,,,,,,,
DATAFLOW,OECD.ELS.HD:DSD_HEALTH_REAC_HOSP@DF_BEDS_SECT(1.0),Hospital beds by sector,I,GRC,Greece,HB,Hospital beds,10P3HB,Per 1 000 inhabitants,_Z,Not applicable​​,_T,Total,_Z,Not applicable,_Z,Not applicable,_Z,Not applicable,_Z,Not applicable,2020,,4.2,,,,,,,,,,,,,
DATAFLOW,OECD.ELS.HD:DSD_HEALTH_REAC_HOSP@DF_BEDS_SECT(1.0),Hospital beds by sector,I,GRC,Greece,HB,Hospital beds,10P3HB,Per 1 000 inhabitants,_Z,Not applicable​​,_T,Total,_Z,Not applicable,_Z,Not applicable,_Z,Not applicable,_Z,Not applicable,2021,,4.24,,,,,,,,,,,,,
DATAFLOW,OECD.ELS.HD:DSD_HEALTH_REAC_HOSP@DF_BEDS_SECT(1.0),Hospital beds by sector,I,GRC,Greece,HB,Hospital beds,10P3HB,Per 1 000 inhabitants,_Z,Not applicable​​,_T,Total,_Z,Not applicable,_Z,Not applicable,_Z,Not applicable,_Z,Not applicable,2022,,4.29,,,,,,,,,,,,,
DATAFLOW,OECD.ELS.HD:DSD_HEALTH_REAC_HOSP@DF_BEDS_SECT(1.0),Hospital beds by sector,I,POL,Poland,HB,Hospital beds,10P3HB,Per 1 000 inhabitants,_Z,Not applicable​​,_T,Total,_Z,Not applicable,_Z,Not applicable,_Z,Not applicable,_Z,Not applicable,2016,,6.56,,,,,,,,,,,,,
DATAFLOW,OECD.ELS.HD:DSD_HEALTH_REAC_HOSP@DF_BEDS_SECT(1.0),Hospital beds by sector,I,POL,Poland,HB,Hospital beds,10P3HB,Per 1 000 inhabitants,_Z,Not applicable​​,_T,Total,_Z,Not applicable,_Z,Not applicable,_Z,Not applicable,_Z,Not applicable,2017,,6.55,,,,,,,,,,,,,
DATAFLOW,OECD.ELS.HD:DSD_HEALTH_REAC_HOSP@DF_BEDS_SECT(1.0),Hospital beds by sector,I,POL,Poland,HB,Hospital beds,10P3HB,Per 1 000 inhabitants,_Z,Not applicable​​,_T,Total,_Z,Not applicable,_Z,Not applicable,_Z,Not applicable,_Z,Not applicable,2018,,6.46,,,,,,,,,,,,,
DATAFLOW,OECD.ELS.HD:DSD_HEALTH_REAC_HOSP@DF_BEDS_SECT(1.0),Hospital beds by sector,I,POL,Poland,HB,Hospital beds,10P3HB,Per 1 000 inhabitants,_Z,Not applicable​​,_T,Total,_Z,Not applicable,_Z,Not applicable,_Z,Not applicable,_Z,Not applicable,2020,,6.12,,,,,,,,,,,,,
DATAFLOW,OECD.ELS.HD:DSD_HEALTH_REAC_HOSP@DF_BEDS_SECT(1.0),Hospital beds by sector,I,POL,Poland,HB,Hospital beds,10P3HB,Per 1 000 inhabitants,_Z,Not applicable​​,_T,Total,_Z,Not applicable,_Z,Not applicable,_Z,Not applicable,_Z,Not applicable,2021,,6.2,,,,,,,,,,,,,
DATAFLOW,OECD.ELS.HD:DSD_HEALTH_REAC_HOSP@DF_BEDS_SECT(1.0),Hospital beds by sector,I,POL,Poland,HB,Hospital beds,10P3HB,Per 1 000 inhabitants,_Z,Not applicable​​,_T,Total,_Z,Not applicable,_Z,Not applicable,_Z,Not applicable,_Z,Not applicable,2022,,6.13,,,,,,,,,,,,,
DATAFLOW,OECD.ELS.HD:DSD_HEALTH_REAC_HOSP@DF_BEDS_SECT(1.0),Hospital beds by sector,I,POL,Poland,HB,Hospital beds,10P3HB,Per 1 000 inhabitants,_Z,Not applicable​​,_T,Total,_Z,Not applicable,_Z,Not applicable,_Z,Not applicable,_Z,Not applicable,2015,,6.55,,,,,,,,,,,,,
DATAFLOW,OECD.ELS.HD:DSD_HEALTH_REAC_HOSP@DF_BEDS_SECT(1.0),Hospital beds by sector,I,POL,Poland,HB,Hospital beds,10P3HB,Per 1 000 inhabitants,_Z,Not applicable​​,_T,Total,_Z,Not applicable,_Z,Not applicable,_Z,Not applicable,_Z,Not applicable,2019,,6.11,,,,B,Time series break,,,,,,,,
DATAFLOW,OECD.ELS.HD:DSD_HEALTH_REAC_HOSP@DF_BEDS_SECT(1.0),Hospital beds by sector,I,FRA,France,HB,Hospital beds,10P3HB,Per 1 000 inhabitants,_Z,Not applicable​​,_T,Total,_Z,Not applicable,_Z,Not applicable,_Z,Not applicable,_Z,Not applicable,2016,,6.06,,,,,,,,,,,,,
DATAFLOW,OECD.ELS.HD:DSD_HEALTH_REAC_HOSP@DF_BEDS_SECT(1.0),Hospital beds by sector,I,FRA,France,HB,Hospital beds,10P3HB,Per 1 000 inhabitants,_Z,Not applicable​​,_T,Total,_Z,Not applicable,_Z,Not applicable,_Z,Not applicable,_Z,Not applicable,2017,,5.97,,,,,,,,,,,,,
DATAFLOW,OECD.ELS.HD:DSD_HEALTH_REAC_HOSP@DF_BEDS_SECT(1.0),Hospital beds by sector,I,FRA,France,HB,Hospital beds,10P3HB,Per 1 000 inhabitants,_Z,Not applicable​​,_T,Total,_Z,Not applicable,_Z,Not applicable,_Z,Not applicable,_Z,Not applicable,2018,,5.89,,,,,,,,,,,,,
DATAFLOW,OECD.ELS.HD:DSD_HEALTH_REAC_HOSP@DF_BEDS_SECT(1.0),Hospital beds by sector,I,FRA,France,HB,Hospital beds,10P3HB,Per 1 000 inhabitants,_Z,Not applicable​​,_T,Total,_Z,Not applicable,_Z,Not applicable,_Z,Not applicable,_Z,Not applicable,2019,,5.82,,,,,,,,,,,,,
DATAFLOW,OECD.ELS.HD:DSD_HEALTH_REAC_HOSP@DF_BEDS_SECT(1.0),Hospital beds by sector,I,FRA,France,HB,Hospital beds,10P3HB,Per 1 000 inhabitants,_Z,Not applicable​​,_T,Total,_Z,Not applicable,_Z,Not applicable,_Z,Not applicable,_Z,Not applicable,2020,,5.72,,,,,,,,,,,,,
DATAFLOW,OECD.ELS.HD:DSD_HEALTH_REAC_HOSP@DF_BEDS_SECT(1.0),Hospital beds by sector,I,FRA,France,HB,Hospital beds,10P3HB,Per 1 000 inhabitants,_Z,Not applicable​​,_T,Total,_Z,Not applicable,_Z,Not applicable,_Z,Not applicable,_Z,Not applicable,2021,,5.62,,,,,,,,,,,,,
DATAFLOW,OECD.ELS.HD:DSD_HEALTH_REAC_HOSP@DF_BEDS_SECT(1.0),Hospital beds by sector,I,FRA,France,HB,Hospital beds,10P3HB,Per 1 000 inhabitants,_Z,Not applicable​​,_T,Total,_Z,Not applicable,_Z,Not applicable,_Z,Not applicable,_Z,Not applicable,2022,,5.51,,,,,,,,,,,,,
DATAFLOW,OECD.ELS.HD:DSD_HEALTH_REAC_HOSP@DF_BEDS_SECT(1.0),Hospital beds by sector,I,FRA,France,HB,Hospital beds,10P3HB,Per 1 000 inhabitants,_Z,Not applicable​​,_T,Total,_Z,Not applicable,_Z,Not applicable,_Z,Not applicable,_Z,Not applicable,2015,,6.13,,,,,,,,,,,,,
DATAFLOW,OECD.ELS.HD:DSD_HEALTH_REAC_HOSP@DF_BEDS_SECT(1.0),Hospital beds by sector,I,USA,United States,HB,Hospital beds,10P3HB,Per 1 000 inhabitants,_Z,Not applicable​​,_T,Total,_Z,Not applicable,_Z,Not applicable,_Z,Not applicable,_Z,Not applicable,2016,,2.77,,,,,,,,,,,,,
DATAFLOW,OECD.ELS.HD:DSD_HEALTH_REAC_HOSP@DF_BEDS_SECT(1.0),Hospital beds by sector,I,USA,United States,HB,Hospital beds,10P3HB,Per 1 000 inhabitants,_Z,Not applicable​​,_T,Total,_Z,Not applicable,_Z,Not applicable,_Z,Not applicable,_Z,Not applicable,2018,,2.83,,,,,,,,,,,,,
DATAFLOW,OECD.ELS.HD:DSD_HEALTH_REAC_HOSP@DF_BEDS_SECT(1.0),Hospital beds by sector,I,USA,United States,HB,Hospital beds,10P3HB,Per 1 000 inhabitants,_Z,Not applicable​​,_T,Total,_Z,Not applicable,_Z,Not applicable,_Z,Not applicable,_Z,Not applicable,2019,,2.8,,,,,,,,,,,,,
DATAFLOW,OECD.ELS.HD:DSD_HEALTH_REAC_HOSP@DF_BEDS_SECT(1.0),Hospital beds by sector,I,USA,United States,HB,Hospital beds,10P3HB,Per 1 000 inhabitants,_Z,Not applicable​​,_T,Total,_Z,Not applicable,_Z,Not applicable,_Z,Not applicable,_Z,Not applicable,2020,,2.78,,,,,,,,,,,,,
DATAFLOW,OECD.ELS.HD:DSD_HEALTH_REAC_HOSP@DF_BEDS_SECT(1.0),Hospital beds by sector,I,USA,United States,HB,Hospital beds,10P3HB,Per 1 000 inhabitants,_Z,Not applicable​​,_T,Total,_Z,Not applicable,_Z,Not applicable,_Z,Not applicable,_Z,Not applicable,2021,,2.77,,,,,,,,,,,,,
DATAFLOW,OECD.ELS.HD:DSD_HEALTH_REAC_HOSP@DF_BEDS_SECT(1.0),Hospital beds by sector,I,USA,United States,HB,Hospital beds,10P3HB,Per 1 000 inhabitants,_Z,Not applicable​​,_T,Total,_Z,Not applicable,_Z,Not applicable,_Z,Not applicable,_Z,Not applicable,2022,,2.75,,,,,,,,,,,,,
DATAFLOW,OECD.ELS.HD:DSD_HEALTH_REAC_HOSP@DF_BEDS_SECT(1.0),Hospital beds by sector,I,USA,United States,HB,Hospital beds,10P3HB,Per 1 000 inhabitants,_Z,Not applicable​​,_T,Total,_Z,Not applicable,_Z,Not applicable,_Z,Not applicable,_Z,Not applicable,2015,,2.8,,,,,,,,,,,,,
DATAFLOW,OECD.ELS.HD:DSD_HEALTH_REAC_HOSP@DF_BEDS_SECT(1.0),Hospital beds by sector,I,USA,United States,HB,Hospital beds,10P3HB,Per 1 000 inhabitants,_Z,Not applicable​​,_T,Total,_Z,Not applicable,_Z,Not applicable,_Z,Not applicable,_Z,Not applicable,2017,,2.86,,,,B,Time series break,,,,,,,,
DATAFLOW,OECD.ELS.HD:DSD_HEALTH_REAC_HOSP@DF_BEDS_SECT(1.0),Hospital beds by sector,I,SWE,Sweden,HB,Hospital beds,10P3HB,Per 1 000 inhabitants,_Z,Not applicable​​,_T,Total,_Z,Not applicable,_Z,Not applicable,_Z,Not applicable,_Z,Not applicable,2016,,2.34,,,,,,,,,,,,,
DATAFLOW,OECD.ELS.HD:DSD_HEALTH_REAC_HOSP@DF_BEDS_SECT(1.0),Hospital beds by sector,I,SWE,Sweden,HB,Hospital beds,10P3HB,Per 1 000 inhabitants,_Z,Not applicable​​,_T,Total,_Z,Not applicable,_Z,Not applicable,_Z,Not applicable,_Z,Not applicable,2017,,2.21,,,,,,,,,,,,,
DATAFLOW,OECD.ELS.HD:DSD_HEALTH_REAC_HOSP@DF_BEDS_SECT(1.0),Hospital beds by sector,I,SWE,Sweden,HB,Hospital beds,10P3HB,Per 1 000 inhabitants,_Z,Not applicable​​,_T,Total,_Z,Not applicable,_Z,Not applicable,_Z,Not applicable,_Z,Not applicable,2018,,2.13,,,,,,,,,,,,,
DATAFLOW,OECD.ELS.HD:DSD_HEALTH_REAC_HOSP@DF_BEDS_SECT(1.0),Hospital beds by sector,I,SWE,Sweden,HB,Hospital beds,10P3HB,Per 1 000 inhabitants,_Z,Not applicable​​,_T,Total,_Z,Not applicable,_Z,Not applicable,_Z,Not applicable,_Z,Not applicable,2019,,2.07,,,,,,,,,,,,,
DATAFLOW,OECD.ELS.HD:DSD_HEALTH_REAC_HOSP@DF_BEDS_SECT(1.0),Hospital beds by sector,I,SWE,Sweden,HB,Hospital beds,10P3HB,Per 1 000 inhabitants,_Z,Not applicable​​,_T,Total,_Z,Not applicable,_Z,Not applicable,_Z,Not applicable,_Z,Not applicable,2020,,2.05,,,,,,,,,,,,,
DATAFLOW,OECD.ELS.HD:DSD_HEALTH_REAC_HOSP@DF_BEDS_SECT(1.0),Hospital beds by sector,I,SWE,Sweden,HB,Hospital beds,10P3HB,Per 1 000 inhabitants,_Z,Not applicable​​,_T,Total,_Z,Not applicable,_Z,Not applicable,_Z,Not applicable,_Z,Not applicable,2021,,2,,,,,,,,,,,,,
DATAFLOW,OECD.ELS.HD:DSD_HEALTH_REAC_HOSP@DF_BEDS_SECT(1.0),Hospital beds by sector,I,SWE,Sweden,HB,Hospital beds,10P3HB,Per 1 000 inhabitants,_Z,Not applicable​​,_T,Total,_Z,Not applicable,_Z,Not applicable,_Z,Not applicable,_Z,Not applicable,2022,,1.9,,,,,,,,,,,,,
DATAFLOW,OECD.ELS.HD:DSD_HEALTH_REAC_HOSP@DF_BEDS_SECT(1.0),Hospital beds by sector,I,SWE,Sweden,HB,Hospital beds,10P3HB,Per 1 000 inhabitants,_Z,Not applicable​​,_T,Total,_Z,Not applicable,_Z,Not applicable,_Z,Not applicable,_Z,Not applicable,2015,,2.44,,,,,,,,,,,,,
DATAFLOW,OECD.ELS.HD:DSD_HEALTH_REAC_HOSP@DF_BEDS_SECT(1.0),Hospital beds by sector,I,SVK,Slovak Republic,HB,Hospital beds,10P3HB,Per 1 000 inhabitants,_Z,Not applicable​​,_T,Total,_Z,Not applicable,_Z,Not applicable,_Z,Not applicable,_Z,Not applicable,2015,,5.75,,,,,,,,,,,,,
DATAFLOW,OECD.ELS.HD:DSD_HEALTH_REAC_HOSP@DF_BEDS_SECT(1.0),Hospital beds by sector,I,SVK,Slovak Republic,HB,Hospital beds,10P3HB,Per 1 000 inhabitants,_Z,Not applicable​​,_T,Total,_Z,Not applicable,_Z,Not applicable,_Z,Not applicable,_Z,Not applicable,2016,,5.78,,,,,,,,,,,,,
DATAFLOW,OECD.ELS.HD:DSD_HEALTH_REAC_HOSP@DF_BEDS_SECT(1.0),Hospital beds by sector,I,SVK,Slovak Republic,HB,Hospital beds,10P3HB,Per 1 000 inhabitants,_Z,Not applicable​​,_T,Total,_Z,Not applicable,_Z,Not applicable,_Z,Not applicable,_Z,Not applicable,2017,,5.82,,,,,,,,,,,,,
DATAFLOW,OECD.ELS.HD:DSD_HEALTH_REAC_HOSP@DF_BEDS_SECT(1.0),Hospital beds by sector,I,PRT,Portugal,HB,Hospital beds,10P3HB,Per 1 000 inhabitants,_Z,Not applicable​​,_T,Total,_Z,Not applicable,_Z,Not applicable,_Z,Not applicable,_Z,Not applicable,2020,,3.47,,,,,,,,,,,,,
DATAFLOW,OECD.ELS.HD:DSD_HEALTH_REAC_HOSP@DF_BEDS_SECT(1.0),Hospital beds by sector,I,PRT,Portugal,HB,Hospital beds,10P3HB,Per 1 000 inhabitants,_Z,Not applicable​​,_T,Total,_Z,Not applicable,_Z,Not applicable,_Z,Not applicable,_Z,Not applicable,2021,,3.49,,,,,,,,,,,,,
DATAFLOW,OECD.ELS.HD:DSD_HEALTH_REAC_HOSP@DF_BEDS_SECT(1.0),Hospital beds by sector,I,PRT,Portugal,HB,Hospital beds,10P3HB,Per 1 000 inhabitants,_Z,Not applicable​​,_T,Total,_Z,Not applicable,_Z,Not applicable,_Z,Not applicable,_Z,Not applicable,2022,,3.47,,,,P,Provisional value,,,,,,,,
DATAFLOW,OECD.ELS.HD:DSD_HEALTH_REAC_HOSP@DF_BEDS_SECT(1.0),Hospital beds by sector,I,PRT,Portugal,HB,Hospital beds,10P3HB,Per 1 000 inhabitants,_Z,Not applicable​​,_T,Total,_Z,Not applicable,_Z,Not applicable,_Z,Not applicable,_Z,Not applicable,2016,,3.38,,,,,,,,,,,,,
DATAFLOW,OECD.ELS.HD:DSD_HEALTH_REAC_HOSP@DF_BEDS_SECT(1.0),Hospital beds by sector,I,PRT,Portugal,HB,Hospital beds,10P3HB,Per 1 000 inhabitants,_Z,Not applicable​​,_T,Total,_Z,Not applicable,_Z,Not applicable,_Z,Not applicable,_Z,Not applicable,2017,,3.38,,,,,,,,,,,,,
DATAFLOW,OECD.ELS.HD:DSD_HEALTH_REAC_HOSP@DF_BEDS_SECT(1.0),Hospital beds by sector,I,PRT,Portugal,HB,Hospital beds,10P3HB,Per 1 000 inhabitants,_Z,Not applicable​​,_T,Total,_Z,Not applicable,_Z,Not applicable,_Z,Not applicable,_Z,Not applicable,2015,,3.36,,,,,,,,,,,,,
DATAFLOW,OECD.ELS.HD:DSD_HEALTH_REAC_HOSP@DF_BEDS_SECT(1.0),Hospital beds by sector,I,PRT,Portugal,HB,Hospital beds,10P3HB,Per 1 000 inhabitants,_Z,Not applicable​​,_T,Total,_Z,Not applicable,_Z,Not applicable,_Z,Not applicable,_Z,Not applicable,2018,,3.43,,,,,,,,,,,,,
DATAFLOW,OECD.ELS.HD:DSD_HEALTH_REAC_HOSP@DF_BEDS_SECT(1.0),Hospital beds by sector,I,SVK,Slovak Republic,HB,Hospital beds,10P3HB,Per 1 000 inhabitants,_Z,Not applicable​​,_T,Total,_Z,Not applicable,_Z,Not applicable,_Z,Not applicable,_Z,Not applicable,2019,,5.76,,,,,,,,,,,,,
DATAFLOW,OECD.ELS.HD:DSD_HEALTH_REAC_HOSP@DF_BEDS_SECT(1.0),Hospital beds by sector,I,SVK,Slovak Republic,HB,Hospital beds,10P3HB,Per 1 000 inhabitants,_Z,Not applicable​​,_T,Total,_Z,Not applicable,_Z,Not applicable,_Z,Not applicable,_Z,Not applicable,2020,,5.68,,,,,,,,,,,,,
DATAFLOW,OECD.ELS.HD:DSD_HEALTH_REAC_HOSP@DF_BEDS_SECT(1.0),Hospital beds by sector,I,PRT,Portugal,HB,Hospital beds,10P3HB,Per 1 000 inhabitants,_Z,Not applicable​​,_T,Total,_Z,Not applicable,_Z,Not applicable,_Z,Not applicable,_Z,Not applicable,2019,,3.49,,,,,,,,,,,,,
DATAFLOW,OECD.ELS.HD:DSD_HEALTH_REAC_HOSP@DF_BEDS_SECT(1.0),Hospital beds by sector,I,SVN,Slovenia,HB,Hospital beds,10P3HB,Per 1 000 inhabitants,_Z,Not applicable​​,_T,Total,_Z,Not applicable,_Z,Not applicable,_Z,Not applicable,_Z,Not applicable,2017,,4.5,,,,,,,,,,,,,
DATAFLOW,OECD.ELS.HD:DSD_HEALTH_REAC_HOSP@DF_BEDS_SECT(1.0),Hospital beds by sector,I,AUT,Austria,HB,Hospital beds,10P3HB,Per 1 000 inhabitants,_Z,Not applicable​​,_T,Total,_Z,Not applicable,_Z,Not applicable,_Z,Not applicable,_Z,Not applicable,2017,,7.37,,,,,,,,,,,,,
DATAFLOW,OECD.ELS.HD:DSD_HEALTH_REAC_HOSP@DF_BEDS_SECT(1.0),Hospital beds by sector,I,AUT,Austria,HB,Hospital beds,10P3HB,Per 1 000 inhabitants,_Z,Not applicable​​,_T,Total,_Z,Not applicable,_Z,Not applicable,_Z,Not applicable,_Z,Not applicable,2018,,7.27,,,,,,,,,,,,,
DATAFLOW,OECD.ELS.HD:DSD_HEALTH_REAC_HOSP@DF_BEDS_SECT(1.0),Hospital beds by sector,I,LVA,Latvia,HB,Hospital beds,10P3HB,Per 1 000 inhabitants,_Z,Not applicable​​,_T,Total,_Z,Not applicable,_Z,Not applicable,_Z,Not applicable,_Z,Not applicable,2015,,5.69,,,,,,,,,,,,,
DATAFLOW,OECD.ELS.HD:DSD_HEALTH_REAC_HOSP@DF_BEDS_SECT(1.0),Hospital beds by sector,I,LVA,Latvia,HB,Hospital beds,10P3HB,Per 1 000 inhabitants,_Z,Not applicable​​,_T,Total,_Z,Not applicable,_Z,Not applicable,_Z,Not applicable,_Z,Not applicable,2016,,5.72,,,,,,,,,,,,,
DATAFLOW,OECD.ELS.HD:DSD_HEALTH_REAC_HOSP@DF_BEDS_SECT(1.0),Hospital beds by sector,I,LVA,Latvia,HB,Hospital beds,10P3HB,Per 1 000 inhabitants,_Z,Not applicable​​,_T,Total,_Z,Not applicable,_Z,Not applicable,_Z,Not applicable,_Z,Not applicable,2017,,5.57,,,,,,,,,,,,,
DATAFLOW,OECD.ELS.HD:DSD_HEALTH_REAC_HOSP@DF_BEDS_SECT(1.0),Hospital beds by sector,I,LVA,Latvia,HB,Hospital beds,10P3HB,Per 1 000 inhabitants,_Z,Not applicable​​,_T,Total,_Z,Not applicable,_Z,Not applicable,_Z,Not applicable,_Z,Not applicable,2018,,5.49,,,,,,,,,,,,,
DATAFLOW,OECD.ELS.HD:DSD_HEALTH_REAC_HOSP@DF_BEDS_SECT(1.0),Hospital beds by sector,I,LVA,Latvia,HB,Hospital beds,10P3HB,Per 1 000 inhabitants,_Z,Not applicable​​,_T,Total,_Z,Not applicable,_Z,Not applicable,_Z,Not applicable,_Z,Not applicable,2019,,5.42,,,,,,,,,,,,,
DATAFLOW,OECD.ELS.HD:DSD_HEALTH_REAC_HOSP@DF_BEDS_SECT(1.0),Hospital beds by sector,I,LVA,Latvia,HB,Hospital beds,10P3HB,Per 1 000 inhabitants,_Z,Not applicable​​,_T,Total,_Z,Not applicable,_Z,Not applicable,_Z,Not applicable,_Z,Not applicable,2020,,5.29,,,,,,,,,,,,,
DATAFLOW,OECD.ELS.HD:DSD_HEALTH_REAC_HOSP@DF_BEDS_SECT(1.0),Hospital beds by sector,I,LVA,Latvia,HB,Hospital beds,10P3HB,Per 1 000 inhabitants,_Z,Not applicable​​,_T,Total,_Z,Not applicable,_Z,Not applicable,_Z,Not applicable,_Z,Not applicable,2021,,5.17,,,,,,,,,,,,,
DATAFLOW,OECD.ELS.HD:DSD_HEALTH_REAC_HOSP@DF_BEDS_SECT(1.0),Hospital beds by sector,I,LVA,Latvia,HB,Hospital beds,10P3HB,Per 1 000 inhabitants,_Z,Not applicable​​,_T,Total,_Z,Not applicable,_Z,Not applicable,_Z,Not applicable,_Z,Not applicable,2022,,5.03,,,,,,,,,,,,,
DATAFLOW,OECD.ELS.HD:DSD_HEALTH_REAC_HOSP@DF_BEDS_SECT(1.0),Hospital beds by sector,I,NZL,New Zealand,HB,Hospital beds,10P3HB,Per 1 000 inhabitants,_Z,Not applicable​​,_T,Total,_Z,Not applicable,_Z,Not applicable,_Z,Not applicable,_Z,Not applicable,2015,,2.71,,,,,,,,,,,,,
DATAFLOW,OECD.ELS.HD:DSD_HEALTH_REAC_HOSP@DF_BEDS_SECT(1.0),Hospital beds by sector,I,NZL,New Zealand,HB,Hospital beds,10P3HB,Per 1 000 inhabitants,_Z,Not applicable​​,_T,Total,_Z,Not applicable,_Z,Not applicable,_Z,Not applicable,_Z,Not applicable,2016,,2.72,,,,,,,,,,,,,
DATAFLOW,OECD.ELS.HD:DSD_HEALTH_REAC_HOSP@DF_BEDS_SECT(1.0),Hospital beds by sector,I,NZL,New Zealand,HB,Hospital beds,10P3HB,Per 1 000 inhabitants,_Z,Not applicable​​,_T,Total,_Z,Not applicable,_Z,Not applicable,_Z,Not applicable,_Z,Not applicable,2017,,2.7,,,,,,,,,,,,,
DATAFLOW,OECD.ELS.HD:DSD_HEALTH_REAC_HOSP@DF_BEDS_SECT(1.0),Hospital beds by sector,I,NZL,New Zealand,HB,Hospital beds,10P3HB,Per 1 000 inhabitants,_Z,Not applicable​​,_T,Total,_Z,Not applicable,_Z,Not applicable,_Z,Not applicable,_Z,Not applicable,2018,,2.59,,,,,,,,,,,,,
DATAFLOW,OECD.ELS.HD:DSD_HEALTH_REAC_HOSP@DF_BEDS_SECT(1.0),Hospital beds by sector,I,NZL,New Zealand,HB,Hospital beds,10P3HB,Per 1 000 inhabitants,_Z,Not applicable​​,_T,Total,_Z,Not applicable,_Z,Not applicable,_Z,Not applicable,_Z,Not applicable,2019,,2.54,,,,,,,,,,,,,
DATAFLOW,OECD.ELS.HD:DSD_HEALTH_REAC_HOSP@DF_BEDS_SECT(1.0),Hospital beds by sector,I,NZL,New Zealand,HB,Hospital beds,10P3HB,Per 1 000 inhabitants,_Z,Not applicable​​,_T,Total,_Z,Not applicable,_Z,Not applicable,_Z,Not applicable,_Z,Not applicable,2020,,2.49,,,,,,,,,,,,,
DATAFLOW,OECD.ELS.HD:DSD_HEALTH_REAC_HOSP@DF_BEDS_SECT(1.0),Hospital beds by sector,I,NZL,New Zealand,HB,Hospital beds,10P3HB,Per 1 000 inhabitants,_Z,Not applicable​​,_T,Total,_Z,Not applicable,_Z,Not applicable,_Z,Not applicable,_Z,Not applicable,2021,,2.67,,,,,,,,,,,,,
DATAFLOW,OECD.ELS.HD:DSD_HEALTH_REAC_HOSP@DF_BEDS_SECT(1.0),Hospital beds by sector,I,NZL,New Zealand,HB,Hospital beds,10P3HB,Per 1 000 inhabitants,_Z,Not applicable​​,_T,Total,_Z,Not applicable,_Z,Not applicable,_Z,Not applicable,_Z,Not applicable,2022,,2.57,,,,,,,,,,,,,
DATAFLOW,OECD.ELS.HD:DSD_HEALTH_REAC_HOSP@DF_BEDS_SECT(1.0),Hospital beds by sector,I,NZL,New Zealand,HB,Hospital beds,10P3HB,Per 1 000 inhabitants,_Z,Not applicable​​,_T,Total,_Z,Not applicable,_Z,Not applicable,_Z,Not applicable,_Z,Not applicable,2023,,2.52,,,,,,,,,,,,,
DATAFLOW,OECD.ELS.HD:DSD_HEALTH_REAC_HOSP@DF_BEDS_SECT(1.0),Hospital beds by sector,I,HUN,Hungary,HB,Hospital beds,10P3HB,Per 1 000 inhabitants,_Z,Not applicable​​,_T,Total,_Z,Not applicable,_Z,Not applicable,_Z,Not applicable,_Z,Not applicable,2016,,7,,,,,,,,,,,,,
DATAFLOW,OECD.ELS.HD:DSD_HEALTH_REAC_HOSP@DF_BEDS_SECT(1.0),Hospital beds by sector,I,HUN,Hungary,HB,Hospital beds,10P3HB,Per 1 000 inhabitants,_Z,Not applicable​​,_T,Total,_Z,Not applicable,_Z,Not applicable,_Z,Not applicable,_Z,Not applicable,2017,,7.02,,,,,,,,,,,,,
DATAFLOW,OECD.ELS.HD:DSD_HEALTH_REAC_HOSP@DF_BEDS_SECT(1.0),Hospital beds by sector,I,HUN,Hungary,HB,Hospital beds,10P3HB,Per 1 000 inhabitants,_Z,Not applicable​​,_T,Total,_Z,Not applicable,_Z,Not applicable,_Z,Not applicable,_Z,Not applicable,2019,,6.91,,,,,,,,,,,,,
DATAFLOW,OECD.ELS.HD:DSD_HEALTH_REAC_HOSP@DF_BEDS_SECT(1.0),Hospital beds by sector,I,HUN,Hungary,HB,Hospital beds,10P3HB,Per 1 000 inhabitants,_Z,Not applicable​​,_T,Total,_Z,Not applicable,_Z,Not applicable,_Z,Not applicable,_Z,Not applicable,2020,,6.76,,,,,,,,,,,,,
DATAFLOW,OECD.ELS.HD:DSD_HEALTH_REAC_HOSP@DF_BEDS_SECT(1.0),Hospital beds by sector,I,HUN,Hungary,HB,Hospital beds,10P3HB,Per 1 000 inhabitants,_Z,Not applicable​​,_T,Total,_Z,Not applicable,_Z,Not applicable,_Z,Not applicable,_Z,Not applicable,2021,,6.79,,,,,,,,,,,,,
DATAFLOW,OECD.ELS.HD:DSD_HEALTH_REAC_HOSP@DF_BEDS_SECT(1.0),Hospital beds by sector,I,HUN,Hungary,HB,Hospital beds,10P3HB,Per 1 000 inhabitants,_Z,Not applicable​​,_T,Total,_Z,Not applicable,_Z,Not applicable,_Z,Not applicable,_Z,Not applicable,2022,,6.65,,,,,,,,,,,,,
DATAFLOW,OECD.ELS.HD:DSD_HEALTH_REAC_HOSP@DF_BEDS_SECT(1.0),Hospital beds by sector,I,HUN,Hungary,HB,Hospital beds,10P3HB,Per 1 000 inhabitants,_Z,Not applicable​​,_T,Total,_Z,Not applicable,_Z,Not applicable,_Z,Not applicable,_Z,Not applicable,2015,,6.99,,,,,,,,,,,,,
DATAFLOW,OECD.ELS.HD:DSD_HEALTH_REAC_HOSP@DF_BEDS_SECT(1.0),Hospital beds by sector,I,HUN,Hungary,HB,Hospital beds,10P3HB,Per 1 000 inhabitants,_Z,Not applicable​​,_T,Total,_Z,Not applicable,_Z,Not applicable,_Z,Not applicable,_Z,Not applicable,2018,,6.95,,,,B,Time series break,,,,,,,,
DATAFLOW,OECD.ELS.HD:DSD_HEALTH_REAC_HOSP@DF_BEDS_SECT(1.0),Hospital beds by sector,I,KOR,Korea,HB,Hospital beds,10P3HB,Per 1 000 inhabitants,_Z,Not applicable​​,_T,Total,_Z,Not applicable,_Z,Not applicable,_Z,Not applicable,_Z,Not applicable,2020,,12.65,,,,,,,,,,,,,
DATAFLOW,OECD.ELS.HD:DSD_HEALTH_REAC_HOSP@DF_BEDS_SECT(1.0),Hospital beds by sector,I,KOR,Korea,HB,Hospital beds,10P3HB,Per 1 000 inhabitants,_Z,Not applicable​​,_T,Total,_Z,Not applicable,_Z,Not applicable,_Z,Not applicable,_Z,Not applicable,2021,,12.77,,,,,,,,,,,,,
DATAFLOW,OECD.ELS.HD:DSD_HEALTH_REAC_HOSP@DF_BEDS_SECT(1.0),Hospital beds by sector,I,KOR,Korea,HB,Hospital beds,10P3HB,Per 1 000 inhabitants,_Z,Not applicable​​,_T,Total,_Z,Not applicable,_Z,Not applicable,_Z,Not applicable,_Z,Not applicable,2022,,12.84,,,,,,,,,,,,,
DATAFLOW,OECD.ELS.HD:DSD_HEALTH_REAC_HOSP@DF_BEDS_SECT(1.0),Hospital beds by sector,I,KOR,Korea,HB,Hospital beds,10P3HB,Per 1 000 inhabitants,_Z,Not applicable​​,_T,Total,_Z,Not applicable,_Z,Not applicable,_Z,Not applicable,_Z,Not applicable,2015,,11.61,,,,,,,,,,,,,
DATAFLOW,OECD.ELS.HD:DSD_HEALTH_REAC_HOSP@DF_BEDS_SECT(1.0),Hospital beds by sector,I,KOR,Korea,HB,Hospital beds,10P3HB,Per 1 000 inhabitants,_Z,Not applicable​​,_T,Total,_Z,Not applicable,_Z,Not applicable,_Z,Not applicable,_Z,Not applicable,2016,,11.99,,,,,,,,,,,,,
DATAFLOW,OECD.ELS.HD:DSD_HEALTH_REAC_HOSP@DF_BEDS_SECT(1.0),Hospital beds by sector,I,KOR,Korea,HB,Hospital beds,10P3HB,Per 1 000 inhabitants,_Z,Not applicable​​,_T,Total,_Z,Not applicable,_Z,Not applicable,_Z,Not applicable,_Z,Not applicable,2017,,12.29,,,,,,,,,,,,,
DATAFLOW,OECD.ELS.HD:DSD_HEALTH_REAC_HOSP@DF_BEDS_SECT(1.0),Hospital beds by sector,I,KOR,Korea,HB,Hospital beds,10P3HB,Per 1 000 inhabitants,_Z,Not applicable​​,_T,Total,_Z,Not applicable,_Z,Not applicable,_Z,Not applicable,_Z,Not applicable,2018,,12.44,,,,,,,,,,,,,
DATAFLOW,OECD.ELS.HD:DSD_HEALTH_REAC_HOSP@DF_BEDS_SECT(1.0),Hospital beds by sector,I,KOR,Korea,HB,Hospital beds,10P3HB,Per 1 000 inhabitants,_Z,Not applicable​​,_T,Total,_Z,Not applicable,_Z,Not applicable,_Z,Not applicable,_Z,Not applicable,2019,,12.43,,,,,,,,,,,,,
DATAFLOW,OECD.ELS.HD:DSD_HEALTH_REAC_HOSP@DF_BEDS_SECT(1.0),Hospital beds by sector,I,IRL,Ireland,HB,Hospital beds,10P3HB,Per 1 000 inhabitants,_Z,Not applicable​​,_T,Total,_Z,Not applicable,_Z,Not applicable,_Z,Not applicable,_Z,Not applicable,2016,,2.96,,,,,,,,,,,,,
DATAFLOW,OECD.ELS.HD:DSD_HEALTH_REAC_HOSP@DF_BEDS_SECT(1.0),Hospital beds by sector,I,IRL,Ireland,HB,Hospital beds,10P3HB,Per 1 000 inhabitants,_Z,Not applicable​​,_T,Total,_Z,Not applicable,_Z,Not applicable,_Z,Not applicable,_Z,Not applicable,2017,,2.98,,,,,,,,,,,,,
DATAFLOW,OECD.ELS.HD:DSD_HEALTH_REAC_HOSP@DF_BEDS_SECT(1.0),Hospital beds by sector,I,IRL,Ireland,HB,Hospital beds,10P3HB,Per 1 000 inhabitants,_Z,Not applicable​​,_T,Total,_Z,Not applicable,_Z,Not applicable,_Z,Not applicable,_Z,Not applicable,2018,,2.98,,,,,,,,,,,,,
DATAFLOW,OECD.ELS.HD:DSD_HEALTH_REAC_HOSP@DF_BEDS_SECT(1.0),Hospital beds by sector,I,IRL,Ireland,HB,Hospital beds,10P3HB,Per 1 000 inhabitants,_Z,Not applicable​​,_T,Total,_Z,Not applicable,_Z,Not applicable,_Z,Not applicable,_Z,Not applicable,2019,,2.89,,,,,,,,,,,,,
DATAFLOW,OECD.ELS.HD:DSD_HEALTH_REAC_HOSP@DF_BEDS_SECT(1.0),Hospital beds by sector,I,IRL,Ireland,HB,Hospital beds,10P3HB,Per 1 000 inhabitants,_Z,Not applicable​​,_T,Total,_Z,Not applicable,_Z,Not applicable,_Z,Not applicable,_Z,Not applicable,2020,,2.9,,,,,,,,,,,,,
DATAFLOW,OECD.ELS.HD:DSD_HEALTH_REAC_HOSP@DF_BEDS_SECT(1.0),Hospital beds by sector,I,IRL,Ireland,HB,Hospital beds,10P3HB,Per 1 000 inhabitants,_Z,Not applicable​​,_T,Total,_Z,Not applicable,_Z,Not applicable,_Z,Not applicable,_Z,Not applicable,2021,,2.91,,,,,,,,,,,,,
DATAFLOW,OECD.ELS.HD:DSD_HEALTH_REAC_HOSP@DF_BEDS_SECT(1.0),Hospital beds by sector,I,IRL,Ireland,HB,Hospital beds,10P3HB,Per 1 000 inhabitants,_Z,Not applicable​​,_T,Total,_Z,Not applicable,_Z,Not applicable,_Z,Not applicable,_Z,Not applicable,2022,,2.94,,,,,,,,,,,,,
DATAFLOW,OECD.ELS.HD:DSD_HEALTH_REAC_HOSP@DF_BEDS_SECT(1.0),Hospital beds by sector,I,IRL,Ireland,HB,Hospital beds,10P3HB,Per 1 000 inhabitants,_Z,Not applicable​​,_T,Total,_Z,Not applicable,_Z,Not applicable,_Z,Not applicable,_Z,Not applicable,2015,,2.93,,,,B,Time series break,,,,,,,,
DATAFLOW,OECD.ELS.HD:DSD_HEALTH_REAC_HOSP@DF_BEDS_SECT(1.0),Hospital beds by sector,I,ISL,Iceland,HB,Hospital beds,10P3HB,Per 1 000 inhabitants,_Z,Not applicable​​,_T,Total,_Z,Not applicable,_Z,Not applicable,_Z,Not applicable,_Z,Not applicable,2015,,3.12,,,,,,,,,,,,,
DATAFLOW,OECD.ELS.HD:DSD_HEALTH_REAC_HOSP@DF_BEDS_SECT(1.0),Hospital beds by sector,I,ISL,Iceland,HB,Hospital beds,10P3HB,Per 1 000 inhabitants,_Z,Not applicable​​,_T,Total,_Z,Not applicable,_Z,Not applicable,_Z,Not applicable,_Z,Not applicable,2016,,3.14,,,,,,,,,,,,,
DATAFLOW,OECD.ELS.HD:DSD_HEALTH_REAC_HOSP@DF_BEDS_SECT(1.0),Hospital beds by sector,I,ISL,Iceland,HB,Hospital beds,10P3HB,Per 1 000 inhabitants,_Z,Not applicable​​,_T,Total,_Z,Not applicable,_Z,Not applicable,_Z,Not applicable,_Z,Not applicable,2017,,3.07,,,,,,,,,,,,,
DATAFLOW,OECD.ELS.HD:DSD_HEALTH_REAC_HOSP@DF_BEDS_SECT(1.0),Hospital beds by sector,I,ISL,Iceland,HB,Hospital beds,10P3HB,Per 1 000 inhabitants,_Z,Not applicable​​,_T,Total,_Z,Not applicable,_Z,Not applicable,_Z,Not applicable,_Z,Not applicable,2018,,2.87,,,,,,,,,,,,,
DATAFLOW,OECD.ELS.HD:DSD_HEALTH_REAC_HOSP@DF_BEDS_SECT(1.0),Hospital beds by sector,I,ISL,Iceland,HB,Hospital beds,10P3HB,Per 1 000 inhabitants,_Z,Not applicable​​,_T,Total,_Z,Not applicable,_Z,Not applicable,_Z,Not applicable,_Z,Not applicable,2019,,2.8,,,,,,,,,,,,,
DATAFLOW,OECD.ELS.HD:DSD_HEALTH_REAC_HOSP@DF_BEDS_SECT(1.0),Hospital beds by sector,I,ISL,Iceland,HB,Hospital beds,10P3HB,Per 1 000 inhabitants,_Z,Not applicable​​,_T,Total,_Z,Not applicable,_Z,Not applicable,_Z,Not applicable,_Z,Not applicable,2020,,2.84,,,,,,,,,,,,,
DATAFLOW,OECD.ELS.HD:DSD_HEALTH_REAC_HOSP@DF_BEDS_SECT(1.0),Hospital beds by sector,I,AUS,Australia,HB,Hospital beds,10P3HB,Per 1 000 inhabitants,_Z,Not applicable​​,_T,Total,_Z,Not applicable,_Z,Not applicable,_Z,Not applicable,_Z,Not applicable,2016,,3.84,,,,,,,,,,,,,
DATAFLOW,OECD.ELS.HD:DSD_HEALTH_REAC_HOSP@DF_BEDS_SECT(1.0),Hospital beds by sector,I,AUS,Australia,HB,Hospital beds,10P3HB,Per 1 000 inhabitants,_Z,Not applicable​​,_T,Total,_Z,Not applicable,_Z,Not applicable,_Z,Not applicable,_Z,Not applicable,2015,,3.82,,,,,,,,,,,,,
DATAFLOW,OECD.ELS.HD:DSD_HEALTH_REAC_HOSP@DF_BEDS_SECT(1.0),Hospital beds by sector,I,BGR,Bulgaria,HB,Hospital beds,10P3HB,Per 1 000 inhabitants,_Z,Not applicable​​,_T,Total,_Z,Not applicable,_Z,Not applicable,_Z,Not applicable,_Z,Not applicable,2016,,7.27,,,,,,,,,,,,,
DATAFLOW,OECD.ELS.HD:DSD_HEALTH_REAC_HOSP@DF_BEDS_SECT(1.0),Hospital beds by sector,I,BGR,Bulgaria,HB,Hospital beds,10P3HB,Per 1 000 inhabitants,_Z,Not applicable​​,_T,Total,_Z,Not applicable,_Z,Not applicable,_Z,Not applicable,_Z,Not applicable,2017,,7.45,,,,,,,,,,,,,
DATAFLOW,OECD.ELS.HD:DSD_HEALTH_REAC_HOSP@DF_BEDS_SECT(1.0),Hospital beds by sector,I,BGR,Bulgaria,HB,Hospital beds,10P3HB,Per 1 000 inhabitants,_Z,Not applicable​​,_T,Total,_Z,Not applicable,_Z,Not applicable,_Z,Not applicable,_Z,Not applicable,2018,,7.57,,,,,,,,,,,,,
DATAFLOW,OECD.ELS.HD:DSD_HEALTH_REAC_HOSP@DF_BEDS_SECT(1.0),Hospital beds by sector,I,BGR,Bulgaria,HB,Hospital beds,10P3HB,Per 1 000 inhabitants,_Z,Not applicable​​,_T,Total,_Z,Not applicable,_Z,Not applicable,_Z,Not applicable,_Z,Not applicable,2019,,7.74,,,,,,,,,,,,,
DATAFLOW,OECD.ELS.HD:DSD_HEALTH_REAC_HOSP@DF_BEDS_SECT(1.0),Hospital beds by sector,I,BGR,Bulgaria,HB,Hospital beds,10P3HB,Per 1 000 inhabitants,_Z,Not applicable​​,_T,Total,_Z,Not applicable,_Z,Not applicable,_Z,Not applicable,_Z,Not applicable,2020,,7.82,,,,,,,,,,,,,
DATAFLOW,OECD.ELS.HD:DSD_HEALTH_REAC_HOSP@DF_BEDS_SECT(1.0),Hospital beds by sector,I,BGR,Bulgaria,HB,Hospital beds,10P3HB,Per 1 000 inhabitants,_Z,Not applicable​​,_T,Total,_Z,Not applicable,_Z,Not applicable,_Z,Not applicable,_Z,Not applicable,2021,,7.92,,,,,,,,,,,,,
DATAFLOW,OECD.ELS.HD:DSD_HEALTH_REAC_HOSP@DF_BEDS_SECT(1.0),Hospital beds by sector,I,BGR,Bulgaria,HB,Hospital beds,10P3HB,Per 1 000 inhabitants,_Z,Not applicable​​,_T,Total,_Z,Not applicable,_Z,Not applicable,_Z,Not applicable,_Z,Not applicable,2022,,8.24,,,,,,,,,,,,,
DATAFLOW,OECD.ELS.HD:DSD_HEALTH_REAC_HOSP@DF_BEDS_SECT(1.0),Hospital beds by sector,I,BGR,Bulgaria,HB,Hospital beds,10P3HB,Per 1 000 inhabitants,_Z,Not applicable​​,_T,Total,_Z,Not applicable,_Z,Not applicable,_Z,Not applicable,_Z,Not applicable,2015,,7.24,,,,,,,,,,,,,
DATAFLOW,OECD.ELS.HD:DSD_HEALTH_REAC_HOSP@DF_BEDS_SECT(1.0),Hospital beds by sector,I,CRI,Costa Rica,HB,Hospital beds,10P3HB,Per 1 000 inhabitants,_Z,Not applicable​​,_T,Total,_Z,Not applicable,_Z,Not applicable,_Z,Not applicable,_Z,Not applicable,2015,,1.16,,,,,,,,,,,,,
DATAFLOW,OECD.ELS.HD:DSD_HEALTH_REAC_HOSP@DF_BEDS_SECT(1.0),Hospital beds by sector,I,CRI,Costa Rica,HB,Hospital beds,10P3HB,Per 1 000 inhabitants,_Z,Not applicable​​,_T,Total,_Z,Not applicable,_Z,Not applicable,_Z,Not applicable,_Z,Not applicable,2016,,1.15,,,,,,,,,,,,,
DATAFLOW,OECD.ELS.HD:DSD_HEALTH_REAC_HOSP@DF_BEDS_SECT(1.0),Hospital beds by sector,I,CRI,Costa Rica,HB,Hospital beds,10P3HB,Per 1 000 inhabitants,_Z,Not applicable​​,_T,Total,_Z,Not applicable,_Z,Not applicable,_Z,Not applicable,_Z,Not applicable,2017,,1.14,,,,,,,,,,,,,
DATAFLOW,OECD.ELS.HD:DSD_HEALTH_REAC_HOSP@DF_BEDS_SECT(1.0),Hospital beds by sector,I,CRI,Costa Rica,HB,Hospital beds,10P3HB,Per 1 000 inhabitants,_Z,Not applicable​​,_T,Total,_Z,Not applicable,_Z,Not applicable,_Z,Not applicable,_Z,Not applicable,2018,,1.11,,,,,,,,,,,,,
DATAFLOW,OECD.ELS.HD:DSD_HEALTH_REAC_HOSP@DF_BEDS_SECT(1.0),Hospital beds by sector,I,CRI,Costa Rica,HB,Hospital beds,10P3HB,Per 1 000 inhabitants,_Z,Not applicable​​,_T,Total,_Z,Not applicable,_Z,Not applicable,_Z,Not applicable,_Z,Not applicable,2019,,1.1,,,,,,,,,,,,,
DATAFLOW,OECD.ELS.HD:DSD_HEALTH_REAC_HOSP@DF_BEDS_SECT(1.0),Hospital beds by sector,I,CRI,Costa Rica,HB,Hospital beds,10P3HB,Per 1 000 inhabitants,_Z,Not applicable​​,_T,Total,_Z,Not applicable,_Z,Not applicable,_Z,Not applicable,_Z,Not applicable,2021,,1.17,,,,,,,,,,,,,
DATAFLOW,OECD.ELS.HD:DSD_HEALTH_REAC_HOSP@DF_BEDS_SECT(1.0),Hospital beds by sector,I,CRI,Costa Rica,HB,Hospital beds,10P3HB,Per 1 000 inhabitants,_Z,Not applicable​​,_T,Total,_Z,Not applicable,_Z,Not applicable,_Z,Not applicable,_Z,Not applicable,2020,,1.15,,,,B,Time series break,,,,,,,,
DATAFLOW,OECD.ELS.HD:DSD_HEALTH_REAC_HOSP@DF_BEDS_SECT(1.0),Hospital beds by sector,I,CRI,Costa Rica,HB,Hospital beds,10P3HB,Per 1 000 inhabitants,_Z,Not applicable​​,_T,Total,_Z,Not applicable,_Z,Not applicable,_Z,Not applicable,_Z,Not applicable,2022,,1.11,,,,E,Estimated value,,,,,,,,
DATAFLOW,OECD.ELS.HD:DSD_HEALTH_REAC_HOSP@DF_BEDS_SECT(1.0),Hospital beds by sector,I,CZE,Czechia,HB,Hospital beds,10P3HB,Per 1 000 inhabitants,_Z,Not applicable​​,_T,Total,_Z,Not applicable,_Z,Not applicable,_Z,Not applicable,_Z,Not applicable,2016,,6.71,,,,,,,,,,,,,
DATAFLOW,OECD.ELS.HD:DSD_HEALTH_REAC_HOSP@DF_BEDS_SECT(1.0),Hospital beds by sector,I,CZE,Czechia,HB,Hospital beds,10P3HB,Per 1 000 inhabitants,_Z,Not applicable​​,_T,Total,_Z,Not applicable,_Z,Not applicable,_Z,Not applicable,_Z,Not applicable,2017,,6.68,,,,,,,,,,,,,
DATAFLOW,OECD.ELS.HD:DSD_HEALTH_REAC_HOSP@DF_BEDS_SECT(1.0),Hospital beds by sector,I,CZE,Czechia,HB,Hospital beds,10P3HB,Per 1 000 inhabitants,_Z,Not applicable​​,_T,Total,_Z,Not applicable,_Z,Not applicable,_Z,Not applicable,_Z,Not applicable,2018,,6.67,,,,,,,,,,,,,
DATAFLOW,OECD.ELS.HD:DSD_HEALTH_REAC_HOSP@DF_BEDS_SECT(1.0),Hospital beds by sector,I,CZE,Czechia,HB,Hospital beds,10P3HB,Per 1 000 inhabitants,_Z,Not applicable​​,_T,Total,_Z,Not applicable,_Z,Not applicable,_Z,Not applicable,_Z,Not applicable,2019,,6.63,,,,,,,,,,,,,
DATAFLOW,OECD.ELS.HD:DSD_HEALTH_REAC_HOSP@DF_BEDS_SECT(1.0),Hospital beds by sector,I,CZE,Czechia,HB,Hospital beds,10P3HB,Per 1 000 inhabitants,_Z,Not applicable​​,_T,Total,_Z,Not applicable,_Z,Not applicable,_Z,Not applicable,_Z,Not applicable,2020,,6.54,,,,,,,,,,,,,
DATAFLOW,OECD.ELS.HD:DSD_HEALTH_REAC_HOSP@DF_BEDS_SECT(1.0),Hospital beds by sector,I,CZE,Czechia,HB,Hospital beds,10P3HB,Per 1 000 inhabitants,_Z,Not applicable​​,_T,Total,_Z,Not applicable,_Z,Not applicable,_Z,Not applicable,_Z,Not applicable,2021,,6.67,,,,,,,,,,,,,
DATAFLOW,OECD.ELS.HD:DSD_HEALTH_REAC_HOSP@DF_BEDS_SECT(1.0),Hospital beds by sector,I,CZE,Czechia,HB,Hospital beds,10P3HB,Per 1 000 inhabitants,_Z,Not applicable​​,_T,Total,_Z,Not applicable,_Z,Not applicable,_Z,Not applicable,_Z,Not applicable,2022,,6.49,,,,,,,,,,,,,
DATAFLOW,OECD.ELS.HD:DSD_HEALTH_REAC_HOSP@DF_BEDS_SECT(1.0),Hospital beds by sector,I,CZE,Czechia,HB,Hospital beds,10P3HB,Per 1 000 inhabitants,_Z,Not applicable​​,_T,Total,_Z,Not applicable,_Z,Not applicable,_Z,Not applicable,_Z,Not applicable,2015,,6.71,,,,,,,,,,,,,
DATAFLOW,OECD.ELS.HD:DSD_HEALTH_REAC_HOSP@DF_BEDS_SECT(1.0),Hospital beds by sector,I,MEX,Mexico,HB,Hospital beds,10P3HB,Per 1 000 inhabitants,_Z,Not applicable​​,_T,Total,_Z,Not applicable,_Z,Not applicable,_Z,Not applicable,_Z,Not applicable,2015,,0.99,,,,,,,,,,,,,
DATAFLOW,OECD.ELS.HD:DSD_HEALTH_REAC_HOSP@DF_BEDS_SECT(1.0),Hospital beds by sector,I,MEX,Mexico,HB,Hospital beds,10P3HB,Per 1 000 inhabitants,_Z,Not applicable​​,_T,Total,_Z,Not applicable,_Z,Not applicable,_Z,Not applicable,_Z,Not applicable,2016,,0.99,,,,,,,,,,,,,
DATAFLOW,OECD.ELS.HD:DSD_HEALTH_REAC_HOSP@DF_BEDS_SECT(1.0),Hospital beds by sector,I,MEX,Mexico,HB,Hospital beds,10P3HB,Per 1 000 inhabitants,_Z,Not applicable​​,_T,Total,_Z,Not applicable,_Z,Not applicable,_Z,Not applicable,_Z,Not applicable,2017,,0.98,,,,,,,,,,,,,
DATAFLOW,OECD.ELS.HD:DSD_HEALTH_REAC_HOSP@DF_BEDS_SECT(1.0),Hospital beds by sector,I,MEX,Mexico,HB,Hospital beds,10P3HB,Per 1 000 inhabitants,_Z,Not applicable​​,_T,Total,_Z,Not applicable,_Z,Not applicable,_Z,Not applicable,_Z,Not applicable,2018,,0.97,,,,,,,,,,,,,
DATAFLOW,OECD.ELS.HD:DSD_HEALTH_REAC_HOSP@DF_BEDS_SECT(1.0),Hospital beds by sector,I,MEX,Mexico,HB,Hospital beds,10P3HB,Per 1 000 inhabitants,_Z,Not applicable​​,_T,Total,_Z,Not applicable,_Z,Not applicable,_Z,Not applicable,_Z,Not applicable,2019,,0.95,,,,,,,,,,,,,
DATAFLOW,OECD.ELS.HD:DSD_HEALTH_REAC_HOSP@DF_BEDS_SECT(1.0),Hospital beds by sector,I,MEX,Mexico,HB,Hospital beds,10P3HB,Per 1 000 inhabitants,_Z,Not applicable​​,_T,Total,_Z,Not applicable,_Z,Not applicable,_Z,Not applicable,_Z,Not applicable,2020,,0.99,,,,,,,,,,,,,
DATAFLOW,OECD.ELS.HD:DSD_HEALTH_REAC_HOSP@DF_BEDS_SECT(1.0),Hospital beds by sector,I,MEX,Mexico,HB,Hospital beds,10P3HB,Per 1 000 inhabitants,_Z,Not applicable​​,_T,Total,_Z,Not applicable,_Z,Not applicable,_Z,Not applicable,_Z,Not applicable,2021,,1,,,,,,,,,,,,,
DATAFLOW,OECD.ELS.HD:DSD_HEALTH_REAC_HOSP@DF_BEDS_SECT(1.0),Hospital beds by sector,I,MEX,Mexico,HB,Hospital beds,10P3HB,Per 1 000 inhabitants,_Z,Not applicable​​,_T,Total,_Z,Not applicable,_Z,Not applicable,_Z,Not applicable,_Z,Not applicable,2022,,1,,,,,,,,,,,,,
DATAFLOW,OECD.ELS.HD:DSD_HEALTH_REAC_HOSP@DF_BEDS_SECT(1.0),Hospital beds by sector,I,IND,India,HB,Hospital beds,10P3HB,Per 1 000 inhabitants,_Z,Not applicable​​,_T,Total,_Z,Not applicable,_Z,Not applicable,_Z,Not applicable,_Z,Not applicable,2015,,0.57,,,,,,,,,,,,,
DATAFLOW,OECD.ELS.HD:DSD_HEALTH_REAC_HOSP@DF_BEDS_SECT(1.0),Hospital beds by sector,I,IND,India,HB,Hospital beds,10P3HB,Per 1 000 inhabitants,_Z,Not applicable​​,_T,Total,_Z,Not applicable,_Z,Not applicable,_Z,Not applicable,_Z,Not applicable,2016,,0.47,,,,,,,,,,,,,
DATAFLOW,OECD.ELS.HD:DSD_HEALTH_REAC_HOSP@DF_BEDS_SECT(1.0),Hospital beds by sector,I,IND,India,HB,Hospital beds,10P3HB,Per 1 000 inhabitants,_Z,Not applicable​​,_T,Total,_Z,Not applicable,_Z,Not applicable,_Z,Not applicable,_Z,Not applicable,2017,,0.52,,,,,,,,,,,,,
DATAFLOW,OECD.ELS.HD:DSD_HEALTH_REAC_HOSP@DF_BEDS_SECT(1.0),Hospital beds by sector,I,CAN,Canada,HB,Hospital beds,10P3HB,Per 1 000 inhabitants,_Z,Not applicable​​,_T,Total,_Z,Not applicable,_Z,Not applicable,_Z,Not applicable,_Z,Not applicable,2016,,2.6,,,,,,,,,,,,,
DATAFLOW,OECD.ELS.HD:DSD_HEALTH_REAC_HOSP@DF_BEDS_SECT(1.0),Hospital beds by sector,I,CAN,Canada,HB,Hospital beds,10P3HB,Per 1 000 inhabitants,_Z,Not applicable​​,_T,Total,_Z,Not applicable,_Z,Not applicable,_Z,Not applicable,_Z,Not applicable,2017,,2.53,,,,,,,,,,,,,
DATAFLOW,OECD.ELS.HD:DSD_HEALTH_REAC_HOSP@DF_BEDS_SECT(1.0),Hospital beds by sector,I,CAN,Canada,HB,Hospital beds,10P3HB,Per 1 000 inhabitants,_Z,Not applicable​​,_T,Total,_Z,Not applicable,_Z,Not applicable,_Z,Not applicable,_Z,Not applicable,2018,,2.55,,,,,,,,,,,,,
DATAFLOW,OECD.ELS.HD:DSD_HEALTH_REAC_HOSP@DF_BEDS_SECT(1.0),Hospital beds by sector,I,CAN,Canada,HB,Hospital beds,10P3HB,Per 1 000 inhabitants,_Z,Not applicable​​,_T,Total,_Z,Not applicable,_Z,Not applicable,_Z,Not applicable,_Z,Not applicable,2019,,2.52,,,,,,,,,,,,,
DATAFLOW,OECD.ELS.HD:DSD_HEALTH_REAC_HOSP@DF_BEDS_SECT(1.0),Hospital beds by sector,I,CAN,Canada,HB,Hospital beds,10P3HB,Per 1 000 inhabitants,_Z,Not applicable​​,_T,Total,_Z,Not applicable,_Z,Not applicable,_Z,Not applicable,_Z,Not applicable,2020,,2.55,,,,,,,,,,,,,
DATAFLOW,OECD.ELS.HD:DSD_HEALTH_REAC_HOSP@DF_BEDS_SECT(1.0),Hospital beds by sector,I,CAN,Canada,HB,Hospital beds,10P3HB,Per 1 000 inhabitants,_Z,Not applicable​​,_T,Total,_Z,Not applicable,_Z,Not applicable,_Z,Not applicable,_Z,Not applicable,2021,,2.58,,,,,,,,,,,,,
DATAFLOW,OECD.ELS.HD:DSD_HEALTH_REAC_HOSP@DF_BEDS_SECT(1.0),Hospital beds by sector,I,CAN,Canada,HB,Hospital beds,10P3HB,Per 1 000 inhabitants,_Z,Not applicable​​,_T,Total,_Z,Not applicable,_Z,Not applicable,_Z,Not applicable,_Z,Not applicable,2022,,2.53,,,,,,,,,,,,,
DATAFLOW,OECD.ELS.HD:DSD_HEALTH_REAC_HOSP@DF_BEDS_SECT(1.0),Hospital beds by sector,I,CAN,Canada,HB,Hospital beds,10P3HB,Per 1 000 inhabitants,_Z,Not applicable​​,_T,Total,_Z,Not applicable,_Z,Not applicable,_Z,Not applicable,_Z,Not applicable,2015,,2.62,,,,,,,,,,,,,
DATAFLOW,OECD.ELS.HD:DSD_HEALTH_REAC_HOSP@DF_BEDS_SECT(1.0),Hospital beds by sector,I,DEU,Germany,HB,Hospital beds,10P3HB,Per 1 000 inhabitants,_Z,Not applicable​​,_T,Total,_Z,Not applicable,_Z,Not applicable,_Z,Not applicable,_Z,Not applicable,2018,,7.98,,,,,,,,,,,,,
DATAFLOW,OECD.ELS.HD:DSD_HEALTH_REAC_HOSP@DF_BEDS_SECT(1.0),Hospital beds by sector,I,DEU,Germany,HB,Hospital beds,10P3HB,Per 1 000 inhabitants,_Z,Not applicable​​,_T,Total,_Z,Not applicable,_Z,Not applicable,_Z,Not applicable,_Z,Not applicable,2016,,8.06,,,,,,,,,,,,,
DATAFLOW,OECD.ELS.HD:DSD_HEALTH_REAC_HOSP@DF_BEDS_SECT(1.0),Hospital beds by sector,I,DEU,Germany,HB,Hospital beds,10P3HB,Per 1 000 inhabitants,_Z,Not applicable​​,_T,Total,_Z,Not applicable,_Z,Not applicable,_Z,Not applicable,_Z,Not applicable,2019,,7.91,,,,,,,,,,,,,
DATAFLOW,OECD.ELS.HD:DSD_HEALTH_REAC_HOSP@DF_BEDS_SECT(1.0),Hospital beds by sector,I,DEU,Germany,HB,Hospital beds,10P3HB,Per 1 000 inhabitants,_Z,Not applicable​​,_T,Total,_Z,Not applicable,_Z,Not applicable,_Z,Not applicable,_Z,Not applicable,2020,,7.82,,,,,,,,,,,,,
DATAFLOW,OECD.ELS.HD:DSD_HEALTH_REAC_HOSP@DF_BEDS_SECT(1.0),Hospital beds by sector,I,DEU,Germany,HB,Hospital beds,10P3HB,Per 1 000 inhabitants,_Z,Not applicable​​,_T,Total,_Z,Not applicable,_Z,Not applicable,_Z,Not applicable,_Z,Not applicable,2021,,7.76,,,,,,,,,,,,,
DATAFLOW,OECD.ELS.HD:DSD_HEALTH_REAC_HOSP@DF_BEDS_SECT(1.0),Hospital beds by sector,I,DEU,Germany,HB,Hospital beds,10P3HB,Per 1 000 inhabitants,_Z,Not applicable​​,_T,Total,_Z,Not applicable,_Z,Not applicable,_Z,Not applicable,_Z,Not applicable,2022,,7.66,,,,,,,,,,,,,
DATAFLOW,OECD.ELS.HD:DSD_HEALTH_REAC_HOSP@DF_BEDS_SECT(1.0),Hospital beds by sector,I,DEU,Germany,HB,Hospital beds,10P3HB,Per 1 000 inhabitants,_Z,Not applicable​​,_T,Total,_Z,Not applicable,_Z,Not applicable,_Z,Not applicable,_Z,Not applicable,2015,,8.13,,,,,,,,,,,,,
DATAFLOW,OECD.ELS.HD:DSD_HEALTH_REAC_HOSP@DF_BEDS_SECT(1.0),Hospital beds by sector,I,DEU,Germany,HB,Hospital beds,10P3HB,Per 1 000 inhabitants,_Z,Not applicable​​,_T,Total,_Z,Not applicable,_Z,Not applicable,_Z,Not applicable,_Z,Not applicable,2017,,8,,,,,,,,,,,,,
DATAFLOW,OECD.ELS.HD:DSD_HEALTH_REAC_HOSP@DF_BEDS_SECT(1.0),Hospital beds by sector,I,CHN,China (People’s Republic of),HB,Hospital beds,10P3HB,Per 1 000 inhabitants,_Z,Not applicable​​,_T,Total,_Z,Not applicable,_Z,Not applicable,_Z,Not applicable,_Z,Not applicable,2017,,4.34,,,,,,,,,,,,,
DATAFLOW,OECD.ELS.HD:DSD_HEALTH_REAC_HOSP@DF_BEDS_SECT(1.0),Hospital beds by sector,I,CHN,China (People’s Republic of),HB,Hospital beds,10P3HB,Per 1 000 inhabitants,_Z,Not applicable​​,_T,Total,_Z,Not applicable,_Z,Not applicable,_Z,Not applicable,_Z,Not applicable,2018,,4.6,,,,,,,,,,,,,
DATAFLOW,OECD.ELS.HD:DSD_HEALTH_REAC_HOSP@DF_BEDS_SECT(1.0),Hospital beds by sector,I,CHN,China (People’s Republic of),HB,Hospital beds,10P3HB,Per 1 000 inhabitants,_Z,Not applicable​​,_T,Total,_Z,Not applicable,_Z,Not applicable,_Z,Not applicable,_Z,Not applicable,2019,,4.83,,,,,,,,,,,,,
DATAFLOW,OECD.ELS.HD:DSD_HEALTH_REAC_HOSP@DF_BEDS_SECT(1.0),Hospital beds by sector,I,CHN,China (People’s Republic of),HB,Hospital beds,10P3HB,Per 1 000 inhabitants,_Z,Not applicable​​,_T,Total,_Z,Not applicable,_Z,Not applicable,_Z,Not applicable,_Z,Not applicable,2020,,5,,,,,,,,,,,,,
DATAFLOW,OECD.ELS.HD:DSD_HEALTH_REAC_HOSP@DF_BEDS_SECT(1.0),Hospital beds by sector,I,CHN,China (People’s Republic of),HB,Hospital beds,10P3HB,Per 1 000 inhabitants,_Z,Not applicable​​,_T,Total,_Z,Not applicable,_Z,Not applicable,_Z,Not applicable,_Z,Not applicable,2021,,5.2,,,,,,,,,,,,,
DATAFLOW,OECD.ELS.HD:DSD_HEALTH_REAC_HOSP@DF_BEDS_SECT(1.0),Hospital beds by sector,I,CHN,China (People’s Republic of),HB,Hospital beds,10P3HB,Per 1 000 inhabitants,_Z,Not applicable​​,_T,Total,_Z,Not applicable,_Z,Not applicable,_Z,Not applicable,_Z,Not applicable,2015,,3.82,,,,,,,,,,,,,
DATAFLOW,OECD.ELS.HD:DSD_HEALTH_REAC_HOSP@DF_BEDS_SECT(1.0),Hospital beds by sector,I,CHN,China (People’s Republic of),HB,Hospital beds,10P3HB,Per 1 000 inhabitants,_Z,Not applicable​​,_T,Total,_Z,Not applicable,_Z,Not applicable,_Z,Not applicable,_Z,Not applicable,2016,,4.06,,,,,,,,,,,,,
DATAFLOW,OECD.ELS.HD:DSD_HEALTH_REAC_HOSP@DF_BEDS_SECT(1.0),Hospital beds by sector,I,DNK,Denmark,HB,Hospital beds,10P3HB,Per 1 000 inhabitants,_Z,Not applicable​​,_T,Total,_Z,Not applicable,_Z,Not applicable,_Z,Not applicable,_Z,Not applicable,2016,,2.6,,,,,,,,,,,,,
DATAFLOW,OECD.ELS.HD:DSD_HEALTH_REAC_HOSP@DF_BEDS_SECT(1.0),Hospital beds by sector,I,DNK,Denmark,HB,Hospital beds,10P3HB,Per 1 000 inhabitants,_Z,Not applicable​​,_T,Total,_Z,Not applicable,_Z,Not applicable,_Z,Not applicable,_Z,Not applicable,2017,,2.61,,,,,,,,,,,,,
DATAFLOW,OECD.ELS.HD:DSD_HEALTH_REAC_HOSP@DF_BEDS_SECT(1.0),Hospital beds by sector,I,DNK,Denmark,HB,Hospital beds,10P3HB,Per 1 000 inhabitants,_Z,Not applicable​​,_T,Total,_Z,Not applicable,_Z,Not applicable,_Z,Not applicable,_Z,Not applicable,2018,,2.61,,,,,,,,,,,,,
DATAFLOW,OECD.ELS.HD:DSD_HEALTH_REAC_HOSP@DF_BEDS_SECT(1.0),Hospital beds by sector,I,DNK,Denmark,HB,Hospital beds,10P3HB,Per 1 000 inhabitants,_Z,Not applicable​​,_T,Total,_Z,Not applicable,_Z,Not applicable,_Z,Not applicable,_Z,Not applicable,2019,,2.59,,,,,,,,,,,,,
DATAFLOW,OECD.ELS.HD:DSD_HEALTH_REAC_HOSP@DF_BEDS_SECT(1.0),Hospital beds by sector,I,ESP,Spain,HB,Hospital beds,10P3HB,Per 1 000 inhabitants,_Z,Not applicable​​,_T,Total,_Z,Not applicable,_Z,Not applicable,_Z,Not applicable,_Z,Not applicable,2020,,2.96,,,,,,,,,,,,,
DATAFLOW,OECD.ELS.HD:DSD_HEALTH_REAC_HOSP@DF_BEDS_SECT(1.0),Hospital beds by sector,I,ESP,Spain,HB,Hospital beds,10P3HB,Per 1 000 inhabitants,_Z,Not applicable​​,_T,Total,_Z,Not applicable,_Z,Not applicable,_Z,Not applicable,_Z,Not applicable,2021,,2.97,,,,,,,,,,,,,
DATAFLOW,OECD.ELS.HD:DSD_HEALTH_REAC_HOSP@DF_BEDS_SECT(1.0),Hospital beds by sector,I,ESP,Spain,HB,Hospital beds,10P3HB,Per 1 000 inhabitants,_Z,Not applicable​​,_T,Total,_Z,Not applicable,_Z,Not applicable,_Z,Not applicable,_Z,Not applicable,2022,,2.95,,,,P,Provisional value,,,,,,,,
DATAFLOW,OECD.ELS.HD:DSD_HEALTH_REAC_HOSP@DF_BEDS_SECT(1.0),Hospital beds by sector,I,DNK,Denmark,HB,Hospital beds,10P3HB,Per 1 000 inhabitants,_Z,Not applicable​​,_T,Total,_Z,Not applicable,_Z,Not applicable,_Z,Not applicable,_Z,Not applicable,2023,,2.44,,,,,,,,,,,,,
DATAFLOW,OECD.ELS.HD:DSD_HEALTH_REAC_HOSP@DF_BEDS_SECT(1.0),Hospital beds by sector,I,DNK,Denmark,HB,Hospital beds,10P3HB,Per 1 000 inhabitants,_Z,Not applicable​​,_T,Total,_Z,Not applicable,_Z,Not applicable,_Z,Not applicable,_Z,Not applicable,2015,,2.53,,,,,,,,,,,,,
DATAFLOW,OECD.ELS.HD:DSD_HEALTH_REAC_HOSP@DF_BEDS_SECT(1.0),Hospital beds by sector,I,NLD,Netherlands,HB,Hospital beds,10P3HB,Per 1 000 inhabitants,_Z,Not applicable​​,_T,Total,_Z,Not applicable,_Z,Not applicable,_Z,Not applicable,_Z,Not applicable,2016,,3.41,,,,,,,,,,,,,
DATAFLOW,OECD.ELS.HD:DSD_HEALTH_REAC_HOSP@DF_BEDS_SECT(1.0),Hospital beds by sector,I,NLD,Netherlands,HB,Hospital beds,10P3HB,Per 1 000 inhabitants,_Z,Not applicable​​,_T,Total,_Z,Not applicable,_Z,Not applicable,_Z,Not applicable,_Z,Not applicable,2017,,3.28,,,,,,,,,,,,,
DATAFLOW,OECD.ELS.HD:DSD_HEALTH_REAC_HOSP@DF_BEDS_SECT(1.0),Hospital beds by sector,I,NLD,Netherlands,HB,Hospital beds,10P3HB,Per 1 000 inhabitants,_Z,Not applicable​​,_T,Total,_Z,Not applicable,_Z,Not applicable,_Z,Not applicable,_Z,Not applicable,2018,,3.18,,,,,,,,,,,,,
DATAFLOW,OECD.ELS.HD:DSD_HEALTH_REAC_HOSP@DF_BEDS_SECT(1.0),Hospital beds by sector,I,NLD,Netherlands,HB,Hospital beds,10P3HB,Per 1 000 inhabitants,_Z,Not applicable​​,_T,Total,_Z,Not applicable,_Z,Not applicable,_Z,Not applicable,_Z,Not applicable,2019,,3.02,,,,,,,,,,,,,
DATAFLOW,OECD.ELS.HD:DSD_HEALTH_REAC_HOSP@DF_BEDS_SECT(1.0),Hospital beds by sector,I,NLD,Netherlands,HB,Hospital beds,10P3HB,Per 1 000 inhabitants,_Z,Not applicable​​,_T,Total,_Z,Not applicable,_Z,Not applicable,_Z,Not applicable,_Z,Not applicable,2020,,2.91,,,,,,,,,,,,,
DATAFLOW,OECD.ELS.HD:DSD_HEALTH_REAC_HOSP@DF_BEDS_SECT(1.0),Hospital beds by sector,I,NLD,Netherlands,HB,Hospital beds,10P3HB,Per 1 000 inhabitants,_Z,Not applicable​​,_T,Total,_Z,Not applicable,_Z,Not applicable,_Z,Not applicable,_Z,Not applicable,2022,,2.45,,,,B,Time series break,,,,,,,,
DATAFLOW,OECD.ELS.HD:DSD_HEALTH_REAC_HOSP@DF_BEDS_SECT(1.0),Hospital beds by sector,I,NLD,Netherlands,HB,Hospital beds,10P3HB,Per 1 000 inhabitants,_Z,Not applicable​​,_T,Total,_Z,Not applicable,_Z,Not applicable,_Z,Not applicable,_Z,Not applicable,2021,,2.95,,,,B,Time series break,,,,,,,,
DATAFLOW,OECD.ELS.HD:DSD_HEALTH_REAC_HOSP@DF_BEDS_SECT(1.0),Hospital beds by sector,I,NLD,Netherlands,HB,Hospital beds,10P3HB,Per 1 000 inhabitants,_Z,Not applicable​​,_T,Total,_Z,Not applicable,_Z,Not applicable,_Z,Not applicable,_Z,Not applicable,2015,,3.49,,,,B,Time series break,,,,,,,,
DATAFLOW,OECD.ELS.HD:DSD_HEALTH_REAC_HOSP@DF_BEDS_SECT(1.0),Hospital beds by sector,I,CHE,Switzerland,HB,Hospital beds,10P3HB,Per 1 000 inhabitants,_Z,Not applicable​​,_T,Total,_Z,Not applicable,_Z,Not applicable,_Z,Not applicable,_Z,Not applicable,2016,,4.69,,,,,,,,,,,,,
DATAFLOW,OECD.ELS.HD:DSD_HEALTH_REAC_HOSP@DF_BEDS_SECT(1.0),Hospital beds by sector,I,CHE,Switzerland,HB,Hospital beds,10P3HB,Per 1 000 inhabitants,_Z,Not applicable​​,_T,Total,_Z,Not applicable,_Z,Not applicable,_Z,Not applicable,_Z,Not applicable,2017,,4.65,,,,,,,,,,,,,
DATAFLOW,OECD.ELS.HD:DSD_HEALTH_REAC_HOSP@DF_BEDS_SECT(1.0),Hospital beds by sector,I,CHE,Switzerland,HB,Hospital beds,10P3HB,Per 1 000 inhabitants,_Z,Not applicable​​,_T,Total,_Z,Not applicable,_Z,Not applicable,_Z,Not applicable,_Z,Not applicable,2022,,4.42,,,,,,,,,,,,,
DATAFLOW,OECD.ELS.HD:DSD_HEALTH_REAC_HOSP@DF_BEDS_SECT(1.0),Hospital beds by sector,I,CHE,Switzerland,HB,Hospital beds,10P3HB,Per 1 000 inhabitants,_Z,Not applicable​​,_T,Total,_Z,Not applicable,_Z,Not applicable,_Z,Not applicable,_Z,Not applicable,2015,,4.73,,,,,,,,,,,,,
DATAFLOW,OECD.ELS.HD:DSD_HEALTH_REAC_HOSP@DF_BEDS_SECT(1.0),Hospital beds by sector,I,CHE,Switzerland,HB,Hospital beds,10P3HB,Per 1 000 inhabitants,_Z,Not applicable​​,_T,Total,_Z,Not applicable,_Z,Not applicable,_Z,Not applicable,_Z,Not applicable,2020,,4.48,,,,,,,,,,,,,
DATAFLOW,OECD.ELS.HD:DSD_HEALTH_REAC_HOSP@DF_BEDS_SECT(1.0),Hospital beds by sector,I,CHE,Switzerland,HB,Hospital beds,10P3HB,Per 1 000 inhabitants,_Z,Not applicable​​,_T,Total,_Z,Not applicable,_Z,Not applicable,_Z,Not applicable,_Z,Not applicable,2021,,4.43,,,,,,,,,,,,,
DATAFLOW,OECD.ELS.HD:DSD_HEALTH_REAC_HOSP@DF_BEDS_SECT(1.0),Hospital beds by sector,I,CHE,Switzerland,HB,Hospital beds,10P3HB,Per 1 000 inhabitants,_Z,Not applicable​​,_T,Total,_Z,Not applicable,_Z,Not applicable,_Z,Not applicable,_Z,Not applicable,2018,,4.63,,,,,,,,,,,,,
DATAFLOW,OECD.ELS.HD:DSD_HEALTH_REAC_HOSP@DF_BEDS_SECT(1.0),Hospital beds by sector,I,CHE,Switzerland,HB,Hospital beds,10P3HB,Per 1 000 inhabitants,_Z,Not applicable​​,_T,Total,_Z,Not applicable,_Z,Not applicable,_Z,Not applicable,_Z,Not applicable,2019,,4.59,,,,,,,,,,,,,
DATAFLOW,OECD.ELS.HD:DSD_HEALTH_REAC_HOSP@DF_BEDS_SECT(1.0),Hospital beds by sector,I,LUX,Luxembourg,HB,Hospital beds,10P3HB,Per 1 000 inhabitants,_Z,Not applicable​​,_T,Total,_Z,Not applicable,_Z,Not applicable,_Z,Not applicable,_Z,Not applicable,2016,,4.81,,,,,,,,,,,,,
DATAFLOW,OECD.ELS.HD:DSD_HEALTH_REAC_HOSP@DF_BEDS_SECT(1.0),Hospital beds by sector,I,LUX,Luxembourg,HB,Hospital beds,10P3HB,Per 1 000 inhabitants,_Z,Not applicable​​,_T,Total,_Z,Not applicable,_Z,Not applicable,_Z,Not applicable,_Z,Not applicable,2017,,4.66,,,,,,,,,,,,,
DATAFLOW,OECD.ELS.HD:DSD_HEALTH_REAC_HOSP@DF_BEDS_SECT(1.0),Hospital beds by sector,I,LUX,Luxembourg,HB,Hospital beds,10P3HB,Per 1 000 inhabitants,_Z,Not applicable​​,_T,Total,_Z,Not applicable,_Z,Not applicable,_Z,Not applicable,_Z,Not applicable,2018,,4.51,,,,,,,,,,,,,
DATAFLOW,OECD.ELS.HD:DSD_HEALTH_REAC_HOSP@DF_BEDS_SECT(1.0),Hospital beds by sector,I,LUX,Luxembourg,HB,Hospital beds,10P3HB,Per 1 000 inhabitants,_Z,Not applicable​​,_T,Total,_Z,Not applicable,_Z,Not applicable,_Z,Not applicable,_Z,Not applicable,2020,,4.2,,,,,,,,,,,,,
DATAFLOW,OECD.ELS.HD:DSD_HEALTH_REAC_HOSP@DF_BEDS_SECT(1.0),Hospital beds by sector,I,LUX,Luxembourg,HB,Hospital beds,10P3HB,Per 1 000 inhabitants,_Z,Not applicable​​,_T,Total,_Z,Not applicable,_Z,Not applicable,_Z,Not applicable,_Z,Not applicable,2021,,4.14,,,,,,,,,,,,,
DATAFLOW,OECD.ELS.HD:DSD_HEALTH_REAC_HOSP@DF_BEDS_SECT(1.0),Hospital beds by sector,I,LUX,Luxembourg,HB,Hospital beds,10P3HB,Per 1 000 inhabitants,_Z,Not applicable​​,_T,Total,_Z,Not applicable,_Z,Not applicable,_Z,Not applicable,_Z,Not applicable,2022,,4,,,,,,,,,,,,,
DATAFLOW,OECD.ELS.HD:DSD_HEALTH_REAC_HOSP@DF_BEDS_SECT(1.0),Hospital beds by sector,I,LUX,Luxembourg,HB,Hospital beds,10P3HB,Per 1 000 inhabitants,_Z,Not applicable​​,_T,Total,_Z,Not applicable,_Z,Not applicable,_Z,Not applicable,_Z,Not applicable,2023,,3.92,,,,,,,,,,,,,
DATAFLOW,OECD.ELS.HD:DSD_HEALTH_REAC_HOSP@DF_BEDS_SECT(1.0),Hospital beds by sector,I,LUX,Luxembourg,HB,Hospital beds,10P3HB,Per 1 000 inhabitants,_Z,Not applicable​​,_T,Total,_Z,Not applicable,_Z,Not applicable,_Z,Not applicable,_Z,Not applicable,2019,,4.26,,,,B,Time series break,,,,,,,,
DATAFLOW,OECD.ELS.HD:DSD_HEALTH_REAC_HOSP@DF_BEDS_SECT(1.0),Hospital beds by sector,I,LUX,Luxembourg,HB,Hospital beds,10P3HB,Per 1 000 inhabitants,_Z,Not applicable​​,_T,Total,_Z,Not applicable,_Z,Not applicable,_Z,Not applicable,_Z,Not applicable,2015,,4.96,,,,,,,,,,,,,
DATAFLOW,OECD.ELS.HD:DSD_HEALTH_REAC_HOSP@DF_BEDS_SECT(1.0),Hospital beds by sector,I,IDN,Indonesia,HB,Hospital beds,10P3HB,Per 1 000 inhabitants,_Z,Not applicable​​,_T,Total,_Z,Not applicable,_Z,Not applicable,_Z,Not applicable,_Z,Not applicable,2015,,0.98,,,,,,,,,,,,,
DATAFLOW,OECD.ELS.HD:DSD_HEALTH_REAC_HOSP@DF_BEDS_SECT(1.0),Hospital beds by sector,I,IDN,Indonesia,HB,Hospital beds,10P3HB,Per 1 000 inhabitants,_Z,Not applicable​​,_T,Total,_Z,Not applicable,_Z,Not applicable,_Z,Not applicable,_Z,Not applicable,2016,,0.99,,,,,,,,,,,,,
DATAFLOW,OECD.ELS.HD:DSD_HEALTH_REAC_HOSP@DF_BEDS_SECT(1.0),Hospital beds by sector,I,IDN,Indonesia,HB,Hospital beds,10P3HB,Per 1 000 inhabitants,_Z,Not applicable​​,_T,Total,_Z,Not applicable,_Z,Not applicable,_Z,Not applicable,_Z,Not applicable,2017,,1.04,,,,,,,,,,,,,
DATAFLOW,OECD.ELS.HD:DSD_HEALTH_REAC_HOSP@DF_BEDS_SECT(1.0),Hospital beds by sector,I,TUR,Türkiye,HB,Hospital beds,10P3HB,Per 1 000 inhabitants,_Z,Not applicable​​,_T,Total,_Z,Not applicable,_Z,Not applicable,_Z,Not applicable,_Z,Not applicable,2018,,2.85,,,,,,,,,,,,,
DATAFLOW,OECD.ELS.HD:DSD_HEALTH_REAC_HOSP@DF_BEDS_SECT(1.0),Hospital beds by sector,I,TUR,Türkiye,HB,Hospital beds,10P3HB,Per 1 000 inhabitants,_Z,Not applicable​​,_T,Total,_Z,Not applicable,_Z,Not applicable,_Z,Not applicable,_Z,Not applicable,2019,,2.88,,,,,,,,,,,,,
DATAFLOW,OECD.ELS.HD:DSD_HEALTH_REAC_HOSP@DF_BEDS_SECT(1.0),Hospital beds by sector,I,TUR,Türkiye,HB,Hospital beds,10P3HB,Per 1 000 inhabitants,_Z,Not applicable​​,_T,Total,_Z,Not applicable,_Z,Not applicable,_Z,Not applicable,_Z,Not applicable,2020,,3.01,,,,,,,,,,,,,
DATAFLOW,OECD.ELS.HD:DSD_HEALTH_REAC_HOSP@DF_BEDS_SECT(1.0),Hospital beds by sector,I,TUR,Türkiye,HB,Hospital beds,10P3HB,Per 1 000 inhabitants,_Z,Not applicable​​,_T,Total,_Z,Not applicable,_Z,Not applicable,_Z,Not applicable,_Z,Not applicable,2021,,3.02,,,,,,,,,,,,,
DATAFLOW,OECD.ELS.HD:DSD_HEALTH_REAC_HOSP@DF_BEDS_SECT(1.0),Hospital beds by sector,I,TUR,Türkiye,HB,Hospital beds,10P3HB,Per 1 000 inhabitants,_Z,Not applicable​​,_T,Total,_Z,Not applicable,_Z,Not applicable,_Z,Not applicable,_Z,Not applicable,2022,,3.09,,,,,,,,,,,,,
DATAFLOW,OECD.ELS.HD:DSD_HEALTH_REAC_HOSP@DF_BEDS_SECT(1.0),Hospital beds by sector,I,TUR,Türkiye,HB,Hospital beds,10P3HB,Per 1 000 inhabitants,_Z,Not applicable​​,_T,Total,_Z,Not applicable,_Z,Not applicable,_Z,Not applicable,_Z,Not applicable,2015,,2.68,,,,,,,,,,,,,
DATAFLOW,OECD.ELS.HD:DSD_HEALTH_REAC_HOSP@DF_BEDS_SECT(1.0),Hospital beds by sector,I,TUR,Türkiye,HB,Hospital beds,10P3HB,Per 1 000 inhabitants,_Z,Not applicable​​,_T,Total,_Z,Not applicable,_Z,Not applicable,_Z,Not applicable,_Z,Not applicable,2016,,2.75,,,,,,,,,,,,,
DATAFLOW,OECD.ELS.HD:DSD_HEALTH_REAC_HOSP@DF_BEDS_SECT(1.0),Hospital beds by sector,I,TUR,Türkiye,HB,Hospital beds,10P3HB,Per 1 000 inhabitants,_Z,Not applicable​​,_T,Total,_Z,Not applicable,_Z,Not applicable,_Z,Not applicable,_Z,Not applicable,2017,,2.81,,,,,,,,,,,,,
DATAFLOW,OECD.ELS.HD:DSD_HEALTH_REAC_HOSP@DF_BEDS_SECT(1.0),Hospital beds by sector,I,NOR,Norway,HB,Hospital beds,10P3HB,Per 1 000 inhabitants,_Z,Not applicable​​,_T,Total,_Z,Not applicable,_Z,Not applicable,_Z,Not applicable,_Z,Not applicable,2015,,3.76,,,,,,,,,,,,,
DATAFLOW,OECD.ELS.HD:DSD_HEALTH_REAC_HOSP@DF_BEDS_SECT(1.0),Hospital beds by sector,I,NOR,Norway,HB,Hospital beds,10P3HB,Per 1 000 inhabitants,_Z,Not applicable​​,_T,Total,_Z,Not applicable,_Z,Not applicable,_Z,Not applicable,_Z,Not applicable,2016,,3.68,,,,,,,,,,,,,
DATAFLOW,OECD.ELS.HD:DSD_HEALTH_REAC_HOSP@DF_BEDS_SECT(1.0),Hospital beds by sector,I,NOR,Norway,HB,Hospital beds,10P3HB,Per 1 000 inhabitants,_Z,Not applicable​​,_T,Total,_Z,Not applicable,_Z,Not applicable,_Z,Not applicable,_Z,Not applicable,2017,,3.6,,,,,,,,,,,,,
DATAFLOW,OECD.ELS.HD:DSD_HEALTH_REAC_HOSP@DF_BEDS_SECT(1.0),Hospital beds by sector,I,NOR,Norway,HB,Hospital beds,10P3HB,Per 1 000 inhabitants,_Z,Not applicable​​,_T,Total,_Z,Not applicable,_Z,Not applicable,_Z,Not applicable,_Z,Not applicable,2018,,3.52,,,,,,,,,,,,,
DATAFLOW,OECD.ELS.HD:DSD_HEALTH_REAC_HOSP@DF_BEDS_SECT(1.0),Hospital beds by sector,I,NOR,Norway,HB,Hospital beds,10P3HB,Per 1 000 inhabitants,_Z,Not applicable​​,_T,Total,_Z,Not applicable,_Z,Not applicable,_Z,Not applicable,_Z,Not applicable,2019,,3.48,,,,,,,,,,,,,
DATAFLOW,OECD.ELS.HD:DSD_HEALTH_REAC_HOSP@DF_BEDS_SECT(1.0),Hospital beds by sector,I,NOR,Norway,HB,Hospital beds,10P3HB,Per 1 000 inhabitants,_Z,Not applicable​​,_T,Total,_Z,Not applicable,_Z,Not applicable,_Z,Not applicable,_Z,Not applicable,2020,,3.4,,,,,,,,,,,,,
DATAFLOW,OECD.ELS.HD:DSD_HEALTH_REAC_HOSP@DF_BEDS_SECT(1.0),Hospital beds by sector,I,NOR,Norway,HB,Hospital beds,10P3HB,Per 1 000 inhabitants,_Z,Not applicable​​,_T,Total,_Z,Not applicable,_Z,Not applicable,_Z,Not applicable,_Z,Not applicable,2021,,3.4,,,,,,,,,,,,,
DATAFLOW,OECD.ELS.HD:DSD_HEALTH_REAC_HOSP@DF_BEDS_SECT(1.0),Hospital beds by sector,I,NOR,Norway,HB,Hospital beds,10P3HB,Per 1 000 inhabitants,_Z,Not applicable​​,_T,Total,_Z,Not applicable,_Z,Not applicable,_Z,Not applicable,_Z,Not applicable,2022,,3.35,,,,,,,,,,,,,
DATAFLOW,OECD.ELS.HD:DSD_HEALTH_REAC_HOSP@DF_BEDS_SECT(1.0),Hospital beds by sector,I,HRV,Croatia,HB,Hospital beds,10P3HB,Per 1 000 inhabitants,_Z,Not applicable​​,_T,Total,_Z,Not applicable,_Z,Not applicable,_Z,Not applicable,_Z,Not applicable,2016,,5.49,,,,,,,,,,,,,
DATAFLOW,OECD.ELS.HD:DSD_HEALTH_REAC_HOSP@DF_BEDS_SECT(1.0),Hospital beds by sector,I,HRV,Croatia,HB,Hospital beds,10P3HB,Per 1 000 inhabitants,_Z,Not applicable​​,_T,Total,_Z,Not applicable,_Z,Not applicable,_Z,Not applicable,_Z,Not applicable,2017,,5.55,,,,,,,,,,,,,
DATAFLOW,OECD.ELS.HD:DSD_HEALTH_REAC_HOSP@DF_BEDS_SECT(1.0),Hospital beds by sector,I,HRV,Croatia,HB,Hospital beds,10P3HB,Per 1 000 inhabitants,_Z,Not applicable​​,_T,Total,_Z,Not applicable,_Z,Not applicable,_Z,Not applicable,_Z,Not applicable,2018,,5.62,,,,,,,,,,,,,
DATAFLOW,OECD.ELS.HD:DSD_HEALTH_REAC_HOSP@DF_BEDS_SECT(1.0),Hospital beds by sector,I,HRV,Croatia,HB,Hospital beds,10P3HB,Per 1 000 inhabitants,_Z,Not applicable​​,_T,Total,_Z,Not applicable,_Z,Not applicable,_Z,Not applicable,_Z,Not applicable,2019,,5.67,,,,,,,,,,,,,
DATAFLOW,OECD.ELS.HD:DSD_HEALTH_REAC_HOSP@DF_BEDS_SECT(1.0),Hospital beds by sector,I,HRV,Croatia,HB,Hospital beds,10P3HB,Per 1 000 inhabitants,_Z,Not applicable​​,_T,Total,_Z,Not applicable,_Z,Not applicable,_Z,Not applicable,_Z,Not applicable,2020,,5.66,,,,,,,,,,,,,
DATAFLOW,OECD.ELS.HD:DSD_HEALTH_REAC_HOSP@DF_BEDS_SECT(1.0),Hospital beds by sector,I,HRV,Croatia,HB,Hospital beds,10P3HB,Per 1 000 inhabitants,_Z,Not applicable​​,_T,Total,_Z,Not applicable,_Z,Not applicable,_Z,Not applicable,_Z,Not applicable,2021,,5.78,,,,,,,,,,,,,
DATAFLOW,OECD.ELS.HD:DSD_HEALTH_REAC_HOSP@DF_BEDS_SECT(1.0),Hospital beds by sector,I,HRV,Croatia,HB,Hospital beds,10P3HB,Per 1 000 inhabitants,_Z,Not applicable​​,_T,Total,_Z,Not applicable,_Z,Not applicable,_Z,Not applicable,_Z,Not applicable,2022,,5.84,,,,,,,,,,,,,
DATAFLOW,OECD.ELS.HD:DSD_HEALTH_REAC_HOSP@DF_BEDS_SECT(1.0),Hospital beds by sector,I,HRV,Croatia,HB,Hospital beds,10P3HB,Per 1 000 inhabitants,_Z,Not applicable​​,_T,Total,_Z,Not applicable,_Z,Not applicable,_Z,Not applicable,_Z,Not applicable,2015,,5.57,,,,,,,,,,,,,
DATAFLOW,OECD.ELS.HD:DSD_HEALTH_REAC_HOSP@DF_BEDS_SECT(1.0),Hospital beds by sector,I,COL,Colombia,HB,Hospital beds,10P3HB,Per 1 000 inhabitants,_Z,Not applicable​​,_T,Total,_Z,Not applicable,_Z,Not applicable,_Z,Not applicable,_Z,Not applicable,2015,,1.68,,,,,,,,,,,,,
DATAFLOW,OECD.ELS.HD:DSD_HEALTH_REAC_HOSP@DF_BEDS_SECT(1.0),Hospital beds by sector,I,COL,Colombia,HB,Hospital beds,10P3HB,Per 1 000 inhabitants,_Z,Not applicable​​,_T,Total,_Z,Not applicable,_Z,Not applicable,_Z,Not applicable,_Z,Not applicable,2016,,1.74,,,,,,,,,,,,,
DATAFLOW,OECD.ELS.HD:DSD_HEALTH_REAC_HOSP@DF_BEDS_SECT(1.0),Hospital beds by sector,I,COL,Colombia,HB,Hospital beds,10P3HB,Per 1 000 inhabitants,_Z,Not applicable​​,_T,Total,_Z,Not applicable,_Z,Not applicable,_Z,Not applicable,_Z,Not applicable,2017,,1.77,,,,,,,,,,,,,
DATAFLOW,OECD.ELS.HD:DSD_HEALTH_REAC_HOSP@DF_BEDS_SECT(1.0),Hospital beds by sector,I,COL,Colombia,HB,Hospital beds,10P3HB,Per 1 000 inhabitants,_Z,Not applicable​​,_T,Total,_Z,Not applicable,_Z,Not applicable,_Z,Not applicable,_Z,Not applicable,2018,,1.76,,,,,,,,,,,,,
DATAFLOW,OECD.ELS.HD:DSD_HEALTH_REAC_HOSP@DF_BEDS_SECT(1.0),Hospital beds by sector,I,COL,Colombia,HB,Hospital beds,10P3HB,Per 1 000 inhabitants,_Z,Not applicable​​,_T,Total,_Z,Not applicable,_Z,Not applicable,_Z,Not applicable,_Z,Not applicable,2019,,1.77,,,,,,,,,,,,,
DATAFLOW,OECD.ELS.HD:DSD_HEALTH_REAC_HOSP@DF_BEDS_SECT(1.0),Hospital beds by sector,I,COL,Colombia,HB,Hospital beds,10P3HB,Per 1 000 inhabitants,_Z,Not applicable​​,_T,Total,_Z,Not applicable,_Z,Not applicable,_Z,Not applicable,_Z,Not applicable,2020,,1.71,,,,,,,,,,,,,
DATAFLOW,OECD.ELS.HD:DSD_HEALTH_REAC_HOSP@DF_BEDS_SECT(1.0),Hospital beds by sector,I,BEL,Belgium,HB,Hospital beds,10P3HB,Per 1 000 inhabitants,_Z,Not applicable​​,_T,Total,_Z,Not applicable,_Z,Not applicable,_Z,Not applicable,_Z,Not applicable,2018,,5.63,,,,,,,,,,,,,
DATAFLOW,OECD.ELS.HD:DSD_HEALTH_REAC_HOSP@DF_BEDS_SECT(1.0),Hospital beds by sector,I,BEL,Belgium,HB,Hospital beds,10P3HB,Per 1 000 inhabitants,_Z,Not applicable​​,_T,Total,_Z,Not applicable,_Z,Not applicable,_Z,Not applicable,_Z,Not applicable,2019,,5.58,,,,B,Time series break,,,,,,,,
DATAFLOW,OECD.ELS.HD:DSD_HEALTH_REAC_HOSP@DF_BEDS_SECT(1.0),Hospital beds by sector,I,BEL,Belgium,HB,Hospital beds,10P3HB,Per 1 000 inhabitants,_Z,Not applicable​​,_T,Total,_Z,Not applicable,_Z,Not applicable,_Z,Not applicable,_Z,Not applicable,2021,,5.51,,,,,,,,,,,,,
DATAFLOW,OECD.ELS.HD:DSD_HEALTH_REAC_HOSP@DF_BEDS_SECT(1.0),Hospital beds by sector,I,BEL,Belgium,HB,Hospital beds,10P3HB,Per 1 000 inhabitants,_Z,Not applicable​​,_T,Total,_Z,Not applicable,_Z,Not applicable,_Z,Not applicable,_Z,Not applicable,2022,,5.46,,,,,,,,,,,,,
DATAFLOW,OECD.ELS.HD:DSD_HEALTH_REAC_HOSP@DF_BEDS_SECT(1.0),Hospital beds by sector,I,BEL,Belgium,HB,Hospital beds,10P3HB,Per 1 000 inhabitants,_Z,Not applicable​​,_T,Total,_Z,Not applicable,_Z,Not applicable,_Z,Not applicable,_Z,Not applicable,2023,,5.42,,,,,,,,,,,,,
DATAFLOW,OECD.ELS.HD:DSD_HEALTH_REAC_HOSP@DF_BEDS_SECT(1.0),Hospital beds by sector,I,BEL,Belgium,HB,Hospital beds,10P3HB,Per 1 000 inhabitants,_Z,Not applicable​​,_T,Total,_Z,Not applicable,_Z,Not applicable,_Z,Not applicable,_Z,Not applicable,2015,,5.85,,,,,,,,,,,,,
DATAFLOW,OECD.ELS.HD:DSD_HEALTH_REAC_HOSP@DF_BEDS_SECT(1.0),Hospital beds by sector,I,BEL,Belgium,HB,Hospital beds,10P3HB,Per 1 000 inhabitants,_Z,Not applicable​​,_T,Total,_Z,Not applicable,_Z,Not applicable,_Z,Not applicable,_Z,Not applicable,2016,,5.78,,,,,,,,,,,,,
DATAFLOW,OECD.ELS.HD:DSD_HEALTH_REAC_HOSP@DF_BEDS_SECT(1.0),Hospital beds by sector,I,BEL,Belgium,HB,Hospital beds,10P3HB,Per 1 000 inhabitants,_Z,Not applicable​​,_T,Total,_Z,Not applicable,_Z,Not applicable,_Z,Not applicable,_Z,Not applicable,2017,,5.68,,,,,,,,,,,,,
DATAFLOW,OECD.ELS.HD:DSD_HEALTH_REAC_HOSP@DF_BEDS_SECT(1.0),Hospital beds by sector,I,BEL,Belgium,HB,Hospital beds,10P3HB,Per 1 000 inhabitants,_Z,Not applicable​​,_T,Total,_Z,Not applicable,_Z,Not applicable,_Z,Not applicable,_Z,Not applicable,2020,,5.55,,,,,,,,,,,,,
DATAFLOW,OECD.ELS.HD:DSD_HEALTH_REAC_HOSP@DF_BEDS_SECT(1.0),Hospital beds by sector,I,BRA,Brazil,HB,Hospital beds,10P3HB,Per 1 000 inhabitants,_Z,Not applicable​​,_T,Total,_Z,Not applicable,_Z,Not applicable,_Z,Not applicable,_Z,Not applicable,2015,,2.37,,,,,,,,,,,,,
DATAFLOW,OECD.ELS.HD:DSD_HEALTH_REAC_HOSP@DF_BEDS_SECT(1.0),Hospital beds by sector,I,BRA,Brazil,HB,Hospital beds,10P3HB,Per 1 000 inhabitants,_Z,Not applicable​​,_T,Total,_Z,Not applicable,_Z,Not applicable,_Z,Not applicable,_Z,Not applicable,2016,,2.34,,,,,,,,,,,,,
DATAFLOW,OECD.ELS.HD:DSD_HEALTH_REAC_HOSP@DF_BEDS_SECT(1.0),Hospital beds by sector,I,BRA,Brazil,HB,Hospital beds,10P3HB,Per 1 000 inhabitants,_Z,Not applicable​​,_T,Total,_Z,Not applicable,_Z,Not applicable,_Z,Not applicable,_Z,Not applicable,2017,,2.32,,,,,,,,,,,,,
DATAFLOW,OECD.ELS.HD:DSD_HEALTH_REAC_HOSP@DF_BEDS_SECT(1.0),Hospital beds by sector,I,BRA,Brazil,HB,Hospital beds,10P3HB,Per 1 000 inhabitants,_Z,Not applicable​​,_T,Total,_Z,Not applicable,_Z,Not applicable,_Z,Not applicable,_Z,Not applicable,2018,,2.28,,,,,,,,,,,,,
DATAFLOW,OECD.ELS.HD:DSD_HEALTH_REAC_HOSP@DF_BEDS_SECT(1.0),Hospital beds by sector,I,BRA,Brazil,HB,Hospital beds,10P3HB,Per 1 000 inhabitants,_Z,Not applicable​​,_T,Total,_Z,Not applicable,_Z,Not applicable,_Z,Not applicable,_Z,Not applicable,2019,,2.26,,,,,,,,,,,,,
DATAFLOW,OECD.ELS.HD:DSD_HEALTH_REAC_HOSP@DF_BEDS_SECT(1.0),Hospital beds by sector,I,BRA,Brazil,HB,Hospital beds,10P3HB,Per 1 000 inhabitants,_Z,Not applicable​​,_T,Total,_Z,Not applicable,_Z,Not applicable,_Z,Not applicable,_Z,Not applicable,2020,,2.45,,,,,,,,,,,,,
DATAFLOW,OECD.ELS.HD:DSD_HEALTH_REAC_HOSP@DF_BEDS_SECT(1.0),Hospital beds by sector,I,BRA,Brazil,HB,Hospital beds,10P3HB,Per 1 000 inhabitants,_Z,Not applicable​​,_T,Total,_Z,Not applicable,_Z,Not applicable,_Z,Not applicable,_Z,Not applicable,2021,,2.47,,,,,,,,,,,,,
DATAFLOW,OECD.ELS.HD:DSD_HEALTH_REAC_HOSP@DF_BEDS_SECT(1.0),Hospital beds by sector,I,ITA,Italy,HB,Hospital beds,10P3HB,Per 1 000 inhabitants,_Z,Not applicable​​,_T,Total,_Z,Not applicable,_Z,Not applicable,_Z,Not applicable,_Z,Not applicable,2016,,3.2,,,,,,,,,,,,,
DATAFLOW,OECD.ELS.HD:DSD_HEALTH_REAC_HOSP@DF_BEDS_SECT(1.0),Hospital beds by sector,I,ITA,Italy,HB,Hospital beds,10P3HB,Per 1 000 inhabitants,_Z,Not applicable​​,_T,Total,_Z,Not applicable,_Z,Not applicable,_Z,Not applicable,_Z,Not applicable,2017,,3.21,,,,,,,,,,,,,
DATAFLOW,OECD.ELS.HD:DSD_HEALTH_REAC_HOSP@DF_BEDS_SECT(1.0),Hospital beds by sector,I,ITA,Italy,HB,Hospital beds,10P3HB,Per 1 000 inhabitants,_Z,Not applicable​​,_T,Total,_Z,Not applicable,_Z,Not applicable,_Z,Not applicable,_Z,Not applicable,2018,,3.17,,,,,,,,,,,,,
DATAFLOW,OECD.ELS.HD:DSD_HEALTH_REAC_HOSP@DF_BEDS_SECT(1.0),Hospital beds by sector,I,ITA,Italy,HB,Hospital beds,10P3HB,Per 1 000 inhabitants,_Z,Not applicable​​,_T,Total,_Z,Not applicable,_Z,Not applicable,_Z,Not applicable,_Z,Not applicable,2019,,3.16,,,,,,,,,,,,,
DATAFLOW,OECD.ELS.HD:DSD_HEALTH_REAC_HOSP@DF_BEDS_SECT(1.0),Hospital beds by sector,I,ITA,Italy,HB,Hospital beds,10P3HB,Per 1 000 inhabitants,_Z,Not applicable​​,_T,Total,_Z,Not applicable,_Z,Not applicable,_Z,Not applicable,_Z,Not applicable,2020,,3.19,,,,,,,,,,,,,
DATAFLOW,OECD.ELS.HD:DSD_HEALTH_REAC_HOSP@DF_BEDS_SECT(1.0),Hospital beds by sector,I,ITA,Italy,HB,Hospital beds,10P3HB,Per 1 000 inhabitants,_Z,Not applicable​​,_T,Total,_Z,Not applicable,_Z,Not applicable,_Z,Not applicable,_Z,Not applicable,2021,,3.12,,,,,,,,,,,,,
DATAFLOW,OECD.ELS.HD:DSD_HEALTH_REAC_HOSP@DF_BEDS_SECT(1.0),Hospital beds by sector,I,ITA,Italy,HB,Hospital beds,10P3HB,Per 1 000 inhabitants,_Z,Not applicable​​,_T,Total,_Z,Not applicable,_Z,Not applicable,_Z,Not applicable,_Z,Not applicable,2022,,3.09,,,,,,,,,,,,,
DATAFLOW,OECD.ELS.HD:DSD_HEALTH_REAC_HOSP@DF_BEDS_SECT(1.0),Hospital beds by sector,I,ITA,Italy,HB,Hospital beds,10P3HB,Per 1 000 inhabitants,_Z,Not applicable​​,_T,Total,_Z,Not applicable,_Z,Not applicable,_Z,Not applicable,_Z,Not applicable,2015,,3.22,,,,,,,,,,,,,
DATAFLOW,OECD.ELS.HD:DSD_HEALTH_REAC_HOSP@DF_BEDS_SECT(1.0),Hospital beds by sector,I,JPN,Japan,HB,Hospital beds,10P3HB,Per 1 000 inhabitants,_Z,Not applicable​​,_T,Total,_Z,Not applicable,_Z,Not applicable,_Z,Not applicable,_Z,Not applicable,2015,,13.17,,,,,,,,,,,,,
DATAFLOW,OECD.ELS.HD:DSD_HEALTH_REAC_HOSP@DF_BEDS_SECT(1.0),Hospital beds by sector,I,JPN,Japan,HB,Hospital beds,10P3HB,Per 1 000 inhabitants,_Z,Not applicable​​,_T,Total,_Z,Not applicable,_Z,Not applicable,_Z,Not applicable,_Z,Not applicable,2016,,13.1,,,,,,,,,,,,,
DATAFLOW,OECD.ELS.HD:DSD_HEALTH_REAC_HOSP@DF_BEDS_SECT(1.0),Hospital beds by sector,I,JPN,Japan,HB,Hospital beds,10P3HB,Per 1 000 inhabitants,_Z,Not applicable​​,_T,Total,_Z,Not applicable,_Z,Not applicable,_Z,Not applicable,_Z,Not applicable,2017,,13.03,,,,,,,,,,,,,
DATAFLOW,OECD.ELS.HD:DSD_HEALTH_REAC_HOSP@DF_BEDS_SECT(1.0),Hospital beds by sector,I,JPN,Japan,HB,Hospital beds,10P3HB,Per 1 000 inhabitants,_Z,Not applicable​​,_T,Total,_Z,Not applicable,_Z,Not applicable,_Z,Not applicable,_Z,Not applicable,2018,,12.95,,,,,,,,,,,,,
DATAFLOW,OECD.ELS.HD:DSD_HEALTH_REAC_HOSP@DF_BEDS_SECT(1.0),Hospital beds by sector,I,JPN,Japan,HB,Hospital beds,10P3HB,Per 1 000 inhabitants,_Z,Not applicable​​,_T,Total,_Z,Not applicable,_Z,Not applicable,_Z,Not applicable,_Z,Not applicable,2019,,12.8,,,,,,,,,,,,,
DATAFLOW,OECD.ELS.HD:DSD_HEALTH_REAC_HOSP@DF_BEDS_SECT(1.0),Hospital beds by sector,I,JPN,Japan,HB,Hospital beds,10P3HB,Per 1 000 inhabitants,_Z,Not applicable​​,_T,Total,_Z,Not applicable,_Z,Not applicable,_Z,Not applicable,_Z,Not applicable,2020,,12.63,,,,,,,,,,,,,
DATAFLOW,OECD.ELS.HD:DSD_HEALTH_REAC_HOSP@DF_BEDS_SECT(1.0),Hospital beds by sector,I,JPN,Japan,HB,Hospital beds,10P3HB,Per 1 000 inhabitants,_Z,Not applicable​​,_T,Total,_Z,Not applicable,_Z,Not applicable,_Z,Not applicable,_Z,Not applicable,2021,,12.62,,,,,,,,,,,,,
DATAFLOW,OECD.ELS.HD:DSD_HEALTH_REAC_HOSP@DF_BEDS_SECT(1.0),Hospital beds by sector,I,JPN,Japan,HB,Hospital beds,10P3HB,Per 1 000 inhabitants,_Z,Not applicable​​,_T,Total,_Z,Not applicable,_Z,Not applicable,_Z,Not applicable,_Z,Not applicable,2022,,12.59,,,,,,,,,,,,,
DATAFLOW,OECD.ELS.HD:DSD_HEALTH_REAC_HOSP@DF_BEDS_SECT(1.0),Hospital beds by sector,I,ROU,Romania,HB,Hospital beds,10P3HB,Per 1 000 inhabitants,_Z,Not applicable​​,_T,Total,_Z,Not applicable,_Z,Not applicable,_Z,Not applicable,_Z,Not applicable,2016,,6.84,,,,,,,,,,,,,
DATAFLOW,OECD.ELS.HD:DSD_HEALTH_REAC_HOSP@DF_BEDS_SECT(1.0),Hospital beds by sector,I,ROU,Romania,HB,Hospital beds,10P3HB,Per 1 000 inhabitants,_Z,Not applicable​​,_T,Total,_Z,Not applicable,_Z,Not applicable,_Z,Not applicable,_Z,Not applicable,2017,,6.89,,,,,,,,,,,,,
DATAFLOW,OECD.ELS.HD:DSD_HEALTH_REAC_HOSP@DF_BEDS_SECT(1.0),Hospital beds by sector,I,ROU,Romania,HB,Hospital beds,10P3HB,Per 1 000 inhabitants,_Z,Not applicable​​,_T,Total,_Z,Not applicable,_Z,Not applicable,_Z,Not applicable,_Z,Not applicable,2018,,6.96,,,,,,,,,,,,,
DATAFLOW,OECD.ELS.HD:DSD_HEALTH_REAC_HOSP@DF_BEDS_SECT(1.0),Hospital beds by sector,I,ROU,Romania,HB,Hospital beds,10P3HB,Per 1 000 inhabitants,_Z,Not applicable​​,_T,Total,_Z,Not applicable,_Z,Not applicable,_Z,Not applicable,_Z,Not applicable,2019,,7.06,,,,,,,,,,,,,
DATAFLOW,OECD.ELS.HD:DSD_HEALTH_REAC_HOSP@DF_BEDS_SECT(1.0),Hospital beds by sector,I,ROU,Romania,HB,Hospital beds,10P3HB,Per 1 000 inhabitants,_Z,Not applicable​​,_T,Total,_Z,Not applicable,_Z,Not applicable,_Z,Not applicable,_Z,Not applicable,2020,,7.12,,,,,,,,,,,,,
DATAFLOW,OECD.ELS.HD:DSD_HEALTH_REAC_HOSP@DF_BEDS_SECT(1.0),Hospital beds by sector,I,ROU,Romania,HB,Hospital beds,10P3HB,Per 1 000 inhabitants,_Z,Not applicable​​,_T,Total,_Z,Not applicable,_Z,Not applicable,_Z,Not applicable,_Z,Not applicable,2021,,7.2,,,,,,,,,,,,,
DATAFLOW,OECD.ELS.HD:DSD_HEALTH_REAC_HOSP@DF_BEDS_SECT(1.0),Hospital beds by sector,I,ROU,Romania,HB,Hospital beds,10P3HB,Per 1 000 inhabitants,_Z,Not applicable​​,_T,Total,_Z,Not applicable,_Z,Not applicable,_Z,Not applicable,_Z,Not applicable,2022,,7.3,,,,,,,,,,,,,
DATAFLOW,OECD.ELS.HD:DSD_HEALTH_REAC_HOSP@DF_BEDS_SECT(1.0),Hospital beds by sector,I,ROU,Romania,HB,Hospital beds,10P3HB,Per 1 000 inhabitants,_Z,Not applicable​​,_T,Total,_Z,Not applicable,_Z,Not applicable,_Z,Not applicable,_Z,Not applicable,2015,,6.79,,,,,,,,,,,,,
DATAFLOW,OECD.ELS.HD:DSD_HEALTH_REAC_HOSP@DF_BEDS_SECT(1.0),Hospital beds by sector,I,GBR,United Kingdom,HB,Hospital beds,10P3HB,Per 1 000 inhabitants,_Z,Not applicable​​,_T,Total,_Z,Not applicable,_Z,Not applicable,_Z,Not applicable,_Z,Not applicable,2020,,2.43,,,,E,Estimated value,,,,,,,,
DATAFLOW,OECD.ELS.HD:DSD_HEALTH_REAC_HOSP@DF_BEDS_SECT(1.0),Hospital beds by sector,I,GBR,United Kingdom,HB,Hospital beds,10P3HB,Per 1 000 inhabitants,_Z,Not applicable​​,_T,Total,_Z,Not applicable,_Z,Not applicable,_Z,Not applicable,_Z,Not applicable,2021,,2.43,,,,E,Estimated value,,,,,,,,
DATAFLOW,OECD.ELS.HD:DSD_HEALTH_REAC_HOSP@DF_BEDS_SECT(1.0),Hospital beds by sector,I,GBR,United Kingdom,HB,Hospital beds,10P3HB,Per 1 000 inhabitants,_Z,Not applicable​​,_T,Total,_Z,Not applicable,_Z,Not applicable,_Z,Not applicable,_Z,Not applicable,2022,,2.45,,,,E,Estimated value,,,,,,,,
DATAFLOW,OECD.ELS.HD:DSD_HEALTH_REAC_HOSP@DF_BEDS_SECT(1.0),Hospital beds by sector,I,GBR,United Kingdom,HB,Hospital beds,10P3HB,Per 1 000 inhabitants,_Z,Not applicable​​,_T,Total,_Z,Not applicable,_Z,Not applicable,_Z,Not applicable,_Z,Not applicable,2018,,2.5,,,,E,Estimated value,,,,,,,,
DATAFLOW,OECD.ELS.HD:DSD_HEALTH_REAC_HOSP@DF_BEDS_SECT(1.0),Hospital beds by sector,I,GBR,United Kingdom,HB,Hospital beds,10P3HB,Per 1 000 inhabitants,_Z,Not applicable​​,_T,Total,_Z,Not applicable,_Z,Not applicable,_Z,Not applicable,_Z,Not applicable,2015,,2.61,,,,,,,,,,,,,
DATAFLOW,OECD.ELS.HD:DSD_HEALTH_REAC_HOSP@DF_BEDS_SECT(1.0),Hospital beds by sector,I,GBR,United Kingdom,HB,Hospital beds,10P3HB,Per 1 000 inhabitants,_Z,Not applicable​​,_T,Total,_Z,Not applicable,_Z,Not applicable,_Z,Not applicable,_Z,Not applicable,2016,,2.57,,,,,,,,,,,,,
DATAFLOW,OECD.ELS.HD:DSD_HEALTH_REAC_HOSP@DF_BEDS_SECT(1.0),Hospital beds by sector,I,GBR,United Kingdom,HB,Hospital beds,10P3HB,Per 1 000 inhabitants,_Z,Not applicable​​,_T,Total,_Z,Not applicable,_Z,Not applicable,_Z,Not applicable,_Z,Not applicable,2017,,2.54,,,,,,,,,,,,,
DATAFLOW,OECD.ELS.HD:DSD_HEALTH_REAC_HOSP@DF_BEDS_SECT(1.0),Hospital beds by sector,I,GBR,United Kingdom,HB,Hospital beds,10P3HB,Per 1 000 inhabitants,_Z,Not applicable​​,_T,Total,_Z,Not applicable,_Z,Not applicable,_Z,Not applicable,_Z,Not applicable,2019,,2.45,,,,E,Estimated value,,,,,,,,
DATAFLOW,OECD.ELS.HD:DSD_HEALTH_REAC_HOSP@DF_BEDS_SECT(1.0),Hospital beds by sector,I,CHL,Chile,HB,Hospital beds,10P3HB,Per 1 000 inhabitants,_Z,Not applicable​​,_T,Total,_Z,Not applicable,_Z,Not applicable,_Z,Not applicable,_Z,Not applicable,2015,,2.14,,,,,,,,,,,,,
DATAFLOW,OECD.ELS.HD:DSD_HEALTH_REAC_HOSP@DF_BEDS_SECT(1.0),Hospital beds by sector,I,CHL,Chile,HB,Hospital beds,10P3HB,Per 1 000 inhabitants,_Z,Not applicable​​,_T,Total,_Z,Not applicable,_Z,Not applicable,_Z,Not applicable,_Z,Not applicable,2016,,2.12,,,,,,,,,,,,,
DATAFLOW,OECD.ELS.HD:DSD_HEALTH_REAC_HOSP@DF_BEDS_SECT(1.0),Hospital beds by sector,I,CHL,Chile,HB,Hospital beds,10P3HB,Per 1 000 inhabitants,_Z,Not applicable​​,_T,Total,_Z,Not applicable,_Z,Not applicable,_Z,Not applicable,_Z,Not applicable,2017,,2.11,,,,,,,,,,,,,
DATAFLOW,OECD.ELS.HD:DSD_HEALTH_REAC_HOSP@DF_BEDS_SECT(1.0),Hospital beds by sector,I,CHL,Chile,HB,Hospital beds,10P3HB,Per 1 000 inhabitants,_Z,Not applicable​​,_T,Total,_Z,Not applicable,_Z,Not applicable,_Z,Not applicable,_Z,Not applicable,2018,,2.06,,,,,,,,,,,,,
DATAFLOW,OECD.ELS.HD:DSD_HEALTH_REAC_HOSP@DF_BEDS_SECT(1.0),Hospital beds by sector,I,CHL,Chile,HB,Hospital beds,10P3HB,Per 1 000 inhabitants,_Z,Not applicable​​,_T,Total,_Z,Not applicable,_Z,Not applicable,_Z,Not applicable,_Z,Not applicable,2019,,2.03,,,,,,,,,,,,,
DATAFLOW,OECD.ELS.HD:DSD_HEALTH_REAC_HOSP@DF_BEDS_SECT(1.0),Hospital beds by sector,I,CHL,Chile,HB,Hospital beds,10P3HB,Per 1 000 inhabitants,_Z,Not applicable​​,_T,Total,_Z,Not applicable,_Z,Not applicable,_Z,Not applicable,_Z,Not applicable,2020,,2.01,,,,,,,,,,,,,
DATAFLOW,OECD.ELS.HD:DSD_HEALTH_REAC_HOSP@DF_BEDS_SECT(1.0),Hospital beds by sector,I,CHL,Chile,HB,Hospital beds,10P3HB,Per 1 000 inhabitants,_Z,Not applicable​​,_T,Total,_Z,Not applicable,_Z,Not applicable,_Z,Not applicable,_Z,Not applicable,2021,,1.95,,,,B,Time series break,,,,,,,,
DATAFLOW,OECD.ELS.HD:DSD_HEALTH_REAC_HOSP@DF_BEDS_SECT(1.0),Hospital beds by sector,I,CHL,Chile,HB,Hospital beds,10P3HB,Per 1 000 inhabitants,_Z,Not applicable​​,_T,Total,_Z,Not applicable,_Z,Not applicable,_Z,Not applicable,_Z,Not applicable,2023,,1.91,,,,,,,,,,,,,
DATAFLOW,OECD.ELS.HD:DSD_HEALTH_REAC_HOSP@DF_BEDS_SECT(1.0),Hospital beds by sector,I,CHL,Chile,HB,Hospital beds,10P3HB,Per 1 000 inhabitants,_Z,Not applicable​​,_T,Total,_Z,Not applicable,_Z,Not applicable,_Z,Not applicable,_Z,Not applicable,2022,,1.93,,,,,,,,,,,,,
DATAFLOW,OECD.ELS.HD:DSD_HEALTH_REAC_HOSP@DF_BEDS_SECT(1.0),Hospital beds by sector,I,ISR,Israel,HB,Hospital beds,10P3HB,Per 1 000 inhabitants,_Z,Not applicable​​,_T,Total,_Z,Not applicable,_Z,Not applicable,_Z,Not applicable,_Z,Not applicable,2015,,3.03,,,,,,,,,,,,,
DATAFLOW,OECD.ELS.HD:DSD_HEALTH_REAC_HOSP@DF_BEDS_SECT(1.0),Hospital beds by sector,I,ISR,Israel,HB,Hospital beds,10P3HB,Per 1 000 inhabitants,_Z,Not applicable​​,_T,Total,_Z,Not applicable,_Z,Not applicable,_Z,Not applicable,_Z,Not applicable,2016,,2.99,,,,,,,,,,,,,
DATAFLOW,OECD.ELS.HD:DSD_HEALTH_REAC_HOSP@DF_BEDS_SECT(1.0),Hospital beds by sector,I,ISR,Israel,HB,Hospital beds,10P3HB,Per 1 000 inhabitants,_Z,Not applicable​​,_T,Total,_Z,Not applicable,_Z,Not applicable,_Z,Not applicable,_Z,Not applicable,2017,,3.01,,,,,,,,,,,,,
DATAFLOW,OECD.ELS.HD:DSD_HEALTH_REAC_HOSP@DF_BEDS_SECT(1.0),Hospital beds by sector,I,ISR,Israel,HB,Hospital beds,10P3HB,Per 1 000 inhabitants,_Z,Not applicable​​,_T,Total,_Z,Not applicable,_Z,Not applicable,_Z,Not applicable,_Z,Not applicable,2018,,2.97,,,,,,,,,,,,,
DATAFLOW,OECD.ELS.HD:DSD_HEALTH_REAC_HOSP@DF_BEDS_SECT(1.0),Hospital beds by sector,I,SVK,Slovak Republic,HB,Hospital beds,10P3HB,Per 1 000 inhabitants,_Z,Not applicable​​,_T,Total,_Z,Not applicable,_Z,Not applicable,_Z,Not applicable,_Z,Not applicable,2021,,5.68,,,,,,,,,,,,,
DATAFLOW,OECD.ELS.HD:DSD_HEALTH_REAC_HOSP@DF_BEDS_SECT(1.0),Hospital beds by sector,I,SVK,Slovak Republic,HB,Hospital beds,10P3HB,Per 1 000 inhabitants,_Z,Not applicable​​,_T,Total,_Z,Not applicable,_Z,Not applicable,_Z,Not applicable,_Z,Not applicable,2018,,5.7,,,,B,Time series break,,,,,,,,
DATAFLOW,OECD.ELS.HD:DSD_HEALTH_REAC_HOSP@DF_BEDS_SECT(1.0),Hospital beds by sector,I,SVK,Slovak Republic,HB,Hospital beds,10P3HB,Per 1 000 inhabitants,_Z,Not applicable​​,_T,Total,_Z,Not applicable,_Z,Not applicable,_Z,Not applicable,_Z,Not applicable,2022,,5.69,,,,,,,,,,,,,
DATAFLOW,OECD.ELS.HD:DSD_HEALTH_REAC_HOSP@DF_BEDS_SECT(1.0),Hospital beds by sector,I,ISR,Israel,HB,Hospital beds,10P3HB,Per 1 000 inhabitants,_Z,Not applicable​​,_T,Total,_Z,Not applicable,_Z,Not applicable,_Z,Not applicable,_Z,Not applicable,2022,,2.99,,,,,,,,,,,,,
DATAFLOW,OECD.ELS.HD:DSD_HEALTH_REAC_HOSP@DF_BEDS_SECT(1.0),Hospital beds by sector,I,ISR,Israel,HB,Hospital beds,10P3HB,Per 1 000 inhabitants,_Z,Not applicable​​,_T,Total,_Z,Not applicable,_Z,Not applicable,_Z,Not applicable,_Z,Not applicable,2023,,2.99,,,,,,,,,,,,,
