STRUCTURE,STRUCTURE_ID,STRUCTURE_NAME,ACTION,REF_AREA,Reference area,MEASURE,Measure,UNIT_MEASURE,Unit of measure,AGE,Age,SEX,Sex,HEALTH_PROF,Health profession,WORKER_STATUS,Worker status,HEALTH_PROF_ACTIVITY_STATUS,Health profession activity status,PRICE_BASE,Price base,TIME_PERIOD,Time period,OBS_VALUE,Observation value,DECIMALS,Decimals,OBS_STATUS,Observation status,OBS_STATUS2,Observation status 2,OBS_STATUS3,Observation status 3,UNIT_MULT,Unit multiplier,REF_YEAR_PRICE,Price reference year
DATAFLOW,OECD.ELS.HD:DSD_HEALTH_REAC_EMP@DF_HOSP_EMP(1.0),Hospital employment,I,LTU,Lithuania,HE,Hospital employment,PS,Persons,_Z,Not applicable,_Z,Not applicable,PHYS,Physicians,_Z,Not applicable,_Z,Not applicable,_Z,Not applicable,2018,,8650,,,,,,,,,,,,,
DATAFLOW,OECD.ELS.HD:DSD_HEALTH_REAC_EMP@DF_HOSP_EMP(1.0),Hospital employment,I,LTU,Lithuania,HE,Hospital employment,PS,Persons,_Z,Not applicable,_Z,Not applicable,PHYS,Physicians,_Z,Not applicable,_Z,Not applicable,_Z,Not applicable,2017,,8593,,,,,,,,,,,,,
DATAFLOW,OECD.ELS.HD:DSD_HEALTH_REAC_EMP@DF_HOSP_EMP(1.0),Hospital employment,I,LTU,Lithuania,HE,Hospital employment,PS,Persons,_Z,Not applicable,_Z,Not applicable,PHYS,Physicians,_Z,Not applicable,_Z,Not applicable,_Z,Not applicable,2016,,8500,,,,,,,,,,,,,
DATAFLOW,OECD.ELS.HD:DSD_HEALTH_REAC_EMP@DF_HOSP_EMP(1.0),Hospital employment,I,ROU,Romania,HE,Hospital employment,PS,Persons,_Z,Not applicable,_Z,Not applicable,PHYS,Physicians,_Z,Not applicable,_Z,Not applicable,_Z,Not applicable,2018,,29687,,,,,,,,,,,,,
DATAFLOW,OECD.ELS.HD:DSD_HEALTH_REAC_EMP@DF_HOSP_EMP(1.0),Hospital employment,I,ROU,Romania,HE,Hospital employment,PS,Persons,_Z,Not applicable,_Z,Not applicable,PHYS,Physicians,_Z,Not applicable,_Z,Not applicable,_Z,Not applicable,2017,,28847,,,,,,,,,,,,,
DATAFLOW,OECD.ELS.HD:DSD_HEALTH_REAC_EMP@DF_HOSP_EMP(1.0),Hospital employment,I,LVA,Latvia,HE,Hospital employment,PS,Persons,_Z,Not applicable,_Z,Not applicable,PHYS,Physicians,_Z,Not applicable,_Z,Not applicable,_Z,Not applicable,2018,,3758,,,,,,,,,,,,,
DATAFLOW,OECD.ELS.HD:DSD_HEALTH_REAC_EMP@DF_HOSP_EMP(1.0),Hospital employment,I,LVA,Latvia,HE,Hospital employment,PS,Persons,_Z,Not applicable,_Z,Not applicable,PHYS,Physicians,_Z,Not applicable,_Z,Not applicable,_Z,Not applicable,2017,,3658,,,,,,,,,,,,,
DATAFLOW,OECD.ELS.HD:DSD_HEALTH_REAC_EMP@DF_HOSP_EMP(1.0),Hospital employment,I,LVA,Latvia,HE,Hospital employment,PS,Persons,_Z,Not applicable,_Z,Not applicable,PHYS,Physicians,_Z,Not applicable,_Z,Not applicable,_Z,Not applicable,2016,,3623,,,,,,,,,,,,,
DATAFLOW,OECD.ELS.HD:DSD_HEALTH_REAC_EMP@DF_HOSP_EMP(1.0),Hospital employment,I,SVN,Slovenia,HE,Hospital employment,PS,Persons,_Z,Not applicable,_Z,Not applicable,PHYS,Physicians,_Z,Not applicable,_Z,Not applicable,_Z,Not applicable,2022,,4147,,,,,,,,,,,,,
DATAFLOW,OECD.ELS.HD:DSD_HEALTH_REAC_EMP@DF_HOSP_EMP(1.0),Hospital employment,I,SVN,Slovenia,HE,Hospital employment,PS,Persons,_Z,Not applicable,_Z,Not applicable,PHYS,Physicians,_Z,Not applicable,_Z,Not applicable,_Z,Not applicable,2019,,4035,,,,,,,,,,,,,
DATAFLOW,OECD.ELS.HD:DSD_HEALTH_REAC_EMP@DF_HOSP_EMP(1.0),Hospital employment,I,SVN,Slovenia,HE,Hospital employment,PS,Persons,_Z,Not applicable,_Z,Not applicable,PHYS,Physicians,_Z,Not applicable,_Z,Not applicable,_Z,Not applicable,2018,,3878,,,,,,,,,,,,,
DATAFLOW,OECD.ELS.HD:DSD_HEALTH_REAC_EMP@DF_HOSP_EMP(1.0),Hospital employment,I,SVN,Slovenia,HE,Hospital employment,PS,Persons,_Z,Not applicable,_Z,Not applicable,PHYS,Physicians,_Z,Not applicable,_Z,Not applicable,_Z,Not applicable,2017,,3742,,,,,,,,,,,,,
DATAFLOW,OECD.ELS.HD:DSD_HEALTH_REAC_EMP@DF_HOSP_EMP(1.0),Hospital employment,I,SVN,Slovenia,HE,Hospital employment,PS,Persons,_Z,Not applicable,_Z,Not applicable,PHYS,Physicians,_Z,Not applicable,_Z,Not applicable,_Z,Not applicable,2016,,3548,,,,,,,,,,,,,
DATAFLOW,OECD.ELS.HD:DSD_HEALTH_REAC_EMP@DF_HOSP_EMP(1.0),Hospital employment,I,SVN,Slovenia,HE,Hospital employment,PS,Persons,_Z,Not applicable,_Z,Not applicable,PHYS,Physicians,_Z,Not applicable,_Z,Not applicable,_Z,Not applicable,2021,,4120,,,,,,,,,,,,,
DATAFLOW,OECD.ELS.HD:DSD_HEALTH_REAC_EMP@DF_HOSP_EMP(1.0),Hospital employment,I,SVN,Slovenia,HE,Hospital employment,PS,Persons,_Z,Not applicable,_Z,Not applicable,PHYS,Physicians,_Z,Not applicable,_Z,Not applicable,_Z,Not applicable,2020,,4080,,,,,,,,,,,,,
DATAFLOW,OECD.ELS.HD:DSD_HEALTH_REAC_EMP@DF_HOSP_EMP(1.0),Hospital employment,I,SVN,Slovenia,HE,Hospital employment,PS,Persons,_Z,Not applicable,_Z,Not applicable,PHYS,Physicians,_Z,Not applicable,_Z,Not applicable,_Z,Not applicable,2015,,3221,,,,,,,,,,,,,
DATAFLOW,OECD.ELS.HD:DSD_HEALTH_REAC_EMP@DF_HOSP_EMP(1.0),Hospital employment,I,POL,Poland,HE,Hospital employment,PS,Persons,_Z,Not applicable,_Z,Not applicable,PHYS,Physicians,_Z,Not applicable,_Z,Not applicable,_Z,Not applicable,2018,,39250,,,,,,,,,,,,,
DATAFLOW,OECD.ELS.HD:DSD_HEALTH_REAC_EMP@DF_HOSP_EMP(1.0),Hospital employment,I,ROU,Romania,HE,Hospital employment,PS,Persons,_Z,Not applicable,_Z,Not applicable,PHYS,Physicians,_Z,Not applicable,_Z,Not applicable,_Z,Not applicable,2021,,35896,,,,,,,,,,,,,
DATAFLOW,OECD.ELS.HD:DSD_HEALTH_REAC_EMP@DF_HOSP_EMP(1.0),Hospital employment,I,ROU,Romania,HE,Hospital employment,PS,Persons,_Z,Not applicable,_Z,Not applicable,PHYS,Physicians,_Z,Not applicable,_Z,Not applicable,_Z,Not applicable,2020,,33795,,,,,,,,,,,,,
DATAFLOW,OECD.ELS.HD:DSD_HEALTH_REAC_EMP@DF_HOSP_EMP(1.0),Hospital employment,I,ROU,Romania,HE,Hospital employment,PS,Persons,_Z,Not applicable,_Z,Not applicable,PHYS,Physicians,_Z,Not applicable,_Z,Not applicable,_Z,Not applicable,2019,,31381,,,,,,,,,,,,,
DATAFLOW,OECD.ELS.HD:DSD_HEALTH_REAC_EMP@DF_HOSP_EMP(1.0),Hospital employment,I,POL,Poland,HE,Hospital employment,PS,Persons,_Z,Not applicable,_Z,Not applicable,PHYS,Physicians,_Z,Not applicable,_Z,Not applicable,_Z,Not applicable,2021,,48942,,,,,,,,,,,,,
DATAFLOW,OECD.ELS.HD:DSD_HEALTH_REAC_EMP@DF_HOSP_EMP(1.0),Hospital employment,I,POL,Poland,HE,Hospital employment,PS,Persons,_Z,Not applicable,_Z,Not applicable,PHYS,Physicians,_Z,Not applicable,_Z,Not applicable,_Z,Not applicable,2020,,48009,,,,,,,,,,,,,
DATAFLOW,OECD.ELS.HD:DSD_HEALTH_REAC_EMP@DF_HOSP_EMP(1.0),Hospital employment,I,POL,Poland,HE,Hospital employment,PS,Persons,_Z,Not applicable,_Z,Not applicable,PHYS,Physicians,_Z,Not applicable,_Z,Not applicable,_Z,Not applicable,2022,,40243,,,,P,Provisional value,,,,,,,,
DATAFLOW,OECD.ELS.HD:DSD_HEALTH_REAC_EMP@DF_HOSP_EMP(1.0),Hospital employment,I,POL,Poland,HE,Hospital employment,PS,Persons,_Z,Not applicable,_Z,Not applicable,PHYS,Physicians,_Z,Not applicable,_Z,Not applicable,_Z,Not applicable,2019,,44165,,,,B,Time series break,,,,,,,,
DATAFLOW,OECD.ELS.HD:DSD_HEALTH_REAC_EMP@DF_HOSP_EMP(1.0),Hospital employment,I,DNK,Denmark,HE,Hospital employment,PS,Persons,_Z,Not applicable,_Z,Not applicable,PHYS,Physicians,_Z,Not applicable,_Z,Not applicable,_Z,Not applicable,2021,,20012,,,,,,,,,,,,,
DATAFLOW,OECD.ELS.HD:DSD_HEALTH_REAC_EMP@DF_HOSP_EMP(1.0),Hospital employment,I,DNK,Denmark,HE,Hospital employment,PS,Persons,_Z,Not applicable,_Z,Not applicable,PHYS,Physicians,_Z,Not applicable,_Z,Not applicable,_Z,Not applicable,2020,,19129,,,,,,,,,,,,,
DATAFLOW,OECD.ELS.HD:DSD_HEALTH_REAC_EMP@DF_HOSP_EMP(1.0),Hospital employment,I,DNK,Denmark,HE,Hospital employment,PS,Persons,_Z,Not applicable,_Z,Not applicable,PHYS,Physicians,_Z,Not applicable,_Z,Not applicable,_Z,Not applicable,2019,,18408,,,,,,,,,,,,,
DATAFLOW,OECD.ELS.HD:DSD_HEALTH_REAC_EMP@DF_HOSP_EMP(1.0),Hospital employment,I,DNK,Denmark,HE,Hospital employment,PS,Persons,_Z,Not applicable,_Z,Not applicable,PHYS,Physicians,_Z,Not applicable,_Z,Not applicable,_Z,Not applicable,2018,,17865,,,,,,,,,,,,,
DATAFLOW,OECD.ELS.HD:DSD_HEALTH_REAC_EMP@DF_HOSP_EMP(1.0),Hospital employment,I,DNK,Denmark,HE,Hospital employment,PS,Persons,_Z,Not applicable,_Z,Not applicable,PHYS,Physicians,_Z,Not applicable,_Z,Not applicable,_Z,Not applicable,2017,,17336,,,,,,,,,,,,,
DATAFLOW,OECD.ELS.HD:DSD_HEALTH_REAC_EMP@DF_HOSP_EMP(1.0),Hospital employment,I,DNK,Denmark,HE,Hospital employment,PS,Persons,_Z,Not applicable,_Z,Not applicable,PHYS,Physicians,_Z,Not applicable,_Z,Not applicable,_Z,Not applicable,2016,,16793,,,,,,,,,,,,,
DATAFLOW,OECD.ELS.HD:DSD_HEALTH_REAC_EMP@DF_HOSP_EMP(1.0),Hospital employment,I,DNK,Denmark,HE,Hospital employment,PS,Persons,_Z,Not applicable,_Z,Not applicable,PHYS,Physicians,_Z,Not applicable,_Z,Not applicable,_Z,Not applicable,2022,,20345,,,,,,,,,,,,,
DATAFLOW,OECD.ELS.HD:DSD_HEALTH_REAC_EMP@DF_HOSP_EMP(1.0),Hospital employment,I,DNK,Denmark,HE,Hospital employment,PS,Persons,_Z,Not applicable,_Z,Not applicable,PHYS,Physicians,_Z,Not applicable,_Z,Not applicable,_Z,Not applicable,2015,,16314,,,,,,,,,,,,,
DATAFLOW,OECD.ELS.HD:DSD_HEALTH_REAC_EMP@DF_HOSP_EMP(1.0),Hospital employment,I,HRV,Croatia,HE,Hospital employment,PS,Persons,_Z,Not applicable,_Z,Not applicable,PHYS,Physicians,_Z,Not applicable,_Z,Not applicable,_Z,Not applicable,2017,,8438,,,,,,,,,,,,,
DATAFLOW,OECD.ELS.HD:DSD_HEALTH_REAC_EMP@DF_HOSP_EMP(1.0),Hospital employment,I,HRV,Croatia,HE,Hospital employment,PS,Persons,_Z,Not applicable,_Z,Not applicable,PHYS,Physicians,_Z,Not applicable,_Z,Not applicable,_Z,Not applicable,2016,,8195,,,,,,,,,,,,,
DATAFLOW,OECD.ELS.HD:DSD_HEALTH_REAC_EMP@DF_HOSP_EMP(1.0),Hospital employment,I,HRV,Croatia,HE,Hospital employment,PS,Persons,_Z,Not applicable,_Z,Not applicable,PHYS,Physicians,_Z,Not applicable,_Z,Not applicable,_Z,Not applicable,2015,,8192,,,,,,,,,,,,,
DATAFLOW,OECD.ELS.HD:DSD_HEALTH_REAC_EMP@DF_HOSP_EMP(1.0),Hospital employment,I,HRV,Croatia,HE,Hospital employment,PS,Persons,_Z,Not applicable,_Z,Not applicable,PHYS,Physicians,_Z,Not applicable,_Z,Not applicable,_Z,Not applicable,2021,,9173,,,,,,,,,,,,,
DATAFLOW,OECD.ELS.HD:DSD_HEALTH_REAC_EMP@DF_HOSP_EMP(1.0),Hospital employment,I,HRV,Croatia,HE,Hospital employment,PS,Persons,_Z,Not applicable,_Z,Not applicable,PHYS,Physicians,_Z,Not applicable,_Z,Not applicable,_Z,Not applicable,2020,,8941,,,,,,,,,,,,,
DATAFLOW,OECD.ELS.HD:DSD_HEALTH_REAC_EMP@DF_HOSP_EMP(1.0),Hospital employment,I,HRV,Croatia,HE,Hospital employment,PS,Persons,_Z,Not applicable,_Z,Not applicable,PHYS,Physicians,_Z,Not applicable,_Z,Not applicable,_Z,Not applicable,2022,,9467,,,,,,,,,,,,,
DATAFLOW,OECD.ELS.HD:DSD_HEALTH_REAC_EMP@DF_HOSP_EMP(1.0),Hospital employment,I,HRV,Croatia,HE,Hospital employment,PS,Persons,_Z,Not applicable,_Z,Not applicable,PHYS,Physicians,_Z,Not applicable,_Z,Not applicable,_Z,Not applicable,2019,,8816,,,,,,,,,,,,,
DATAFLOW,OECD.ELS.HD:DSD_HEALTH_REAC_EMP@DF_HOSP_EMP(1.0),Hospital employment,I,HRV,Croatia,HE,Hospital employment,PS,Persons,_Z,Not applicable,_Z,Not applicable,PHYS,Physicians,_Z,Not applicable,_Z,Not applicable,_Z,Not applicable,2018,,8714,,,,,,,,,,,,,
DATAFLOW,OECD.ELS.HD:DSD_HEALTH_REAC_EMP@DF_HOSP_EMP(1.0),Hospital employment,I,ISL,Iceland,HE,Hospital employment,PS,Persons,_Z,Not applicable,_Z,Not applicable,PHYS,Physicians,_Z,Not applicable,_Z,Not applicable,_Z,Not applicable,2020,,1012,,,,,,,,,,,,,
DATAFLOW,OECD.ELS.HD:DSD_HEALTH_REAC_EMP@DF_HOSP_EMP(1.0),Hospital employment,I,ISL,Iceland,HE,Hospital employment,PS,Persons,_Z,Not applicable,_Z,Not applicable,PHYS,Physicians,_Z,Not applicable,_Z,Not applicable,_Z,Not applicable,2019,,1017,,,,,,,,,,,,,
DATAFLOW,OECD.ELS.HD:DSD_HEALTH_REAC_EMP@DF_HOSP_EMP(1.0),Hospital employment,I,ISL,Iceland,HE,Hospital employment,PS,Persons,_Z,Not applicable,_Z,Not applicable,PHYS,Physicians,_Z,Not applicable,_Z,Not applicable,_Z,Not applicable,2018,,969,,,,,,,,,,,,,
DATAFLOW,OECD.ELS.HD:DSD_HEALTH_REAC_EMP@DF_HOSP_EMP(1.0),Hospital employment,I,ISL,Iceland,HE,Hospital employment,PS,Persons,_Z,Not applicable,_Z,Not applicable,PHYS,Physicians,_Z,Not applicable,_Z,Not applicable,_Z,Not applicable,2017,,944,,,,,,,,,,,,,
DATAFLOW,OECD.ELS.HD:DSD_HEALTH_REAC_EMP@DF_HOSP_EMP(1.0),Hospital employment,I,ROU,Romania,HE,Hospital employment,PS,Persons,_Z,Not applicable,_Z,Not applicable,PHYS,Physicians,_Z,Not applicable,_Z,Not applicable,_Z,Not applicable,2016,,27981,,,,,,,,,,,,,
DATAFLOW,OECD.ELS.HD:DSD_HEALTH_REAC_EMP@DF_HOSP_EMP(1.0),Hospital employment,I,ROU,Romania,HE,Hospital employment,PS,Persons,_Z,Not applicable,_Z,Not applicable,PHYS,Physicians,_Z,Not applicable,_Z,Not applicable,_Z,Not applicable,2015,,27491,,,,,,,,,,,,,
DATAFLOW,OECD.ELS.HD:DSD_HEALTH_REAC_EMP@DF_HOSP_EMP(1.0),Hospital employment,I,ROU,Romania,HE,Hospital employment,PS,Persons,_Z,Not applicable,_Z,Not applicable,PHYS,Physicians,_Z,Not applicable,_Z,Not applicable,_Z,Not applicable,2022,,38095,,,,,,,,,,,,,
DATAFLOW,OECD.ELS.HD:DSD_HEALTH_REAC_EMP@DF_HOSP_EMP(1.0),Hospital employment,I,HUN,Hungary,HE,Hospital employment,PS,Persons,_Z,Not applicable,_Z,Not applicable,PHYS,Physicians,_Z,Not applicable,_Z,Not applicable,_Z,Not applicable,2016,,19496,,,,,,,,,,,,,
DATAFLOW,OECD.ELS.HD:DSD_HEALTH_REAC_EMP@DF_HOSP_EMP(1.0),Hospital employment,I,HUN,Hungary,HE,Hospital employment,PS,Persons,_Z,Not applicable,_Z,Not applicable,PHYS,Physicians,_Z,Not applicable,_Z,Not applicable,_Z,Not applicable,2015,,19741,,,,,,,,,,,,,
DATAFLOW,OECD.ELS.HD:DSD_HEALTH_REAC_EMP@DF_HOSP_EMP(1.0),Hospital employment,I,HUN,Hungary,HE,Hospital employment,PS,Persons,_Z,Not applicable,_Z,Not applicable,PHYS,Physicians,_Z,Not applicable,_Z,Not applicable,_Z,Not applicable,2022,,16200,,,,,,,,,,,,,
DATAFLOW,OECD.ELS.HD:DSD_HEALTH_REAC_EMP@DF_HOSP_EMP(1.0),Hospital employment,I,HUN,Hungary,HE,Hospital employment,PS,Persons,_Z,Not applicable,_Z,Not applicable,PHYS,Physicians,_Z,Not applicable,_Z,Not applicable,_Z,Not applicable,2021,,15461,,,,,,,,,,,,,
DATAFLOW,OECD.ELS.HD:DSD_HEALTH_REAC_EMP@DF_HOSP_EMP(1.0),Hospital employment,I,HUN,Hungary,HE,Hospital employment,PS,Persons,_Z,Not applicable,_Z,Not applicable,PHYS,Physicians,_Z,Not applicable,_Z,Not applicable,_Z,Not applicable,2020,,19508,,,,,,,,,,,,,
DATAFLOW,OECD.ELS.HD:DSD_HEALTH_REAC_EMP@DF_HOSP_EMP(1.0),Hospital employment,I,HUN,Hungary,HE,Hospital employment,PS,Persons,_Z,Not applicable,_Z,Not applicable,PHYS,Physicians,_Z,Not applicable,_Z,Not applicable,_Z,Not applicable,2019,,19701,,,,,,,,,,,,,
DATAFLOW,OECD.ELS.HD:DSD_HEALTH_REAC_EMP@DF_HOSP_EMP(1.0),Hospital employment,I,HUN,Hungary,HE,Hospital employment,PS,Persons,_Z,Not applicable,_Z,Not applicable,PHYS,Physicians,_Z,Not applicable,_Z,Not applicable,_Z,Not applicable,2018,,20180,,,,,,,,,,,,,
DATAFLOW,OECD.ELS.HD:DSD_HEALTH_REAC_EMP@DF_HOSP_EMP(1.0),Hospital employment,I,CAN,Canada,HE,Hospital employment,PS,Persons,_Z,Not applicable,_Z,Not applicable,PHYS,Physicians,_Z,Not applicable,_Z,Not applicable,_Z,Not applicable,2022,,45663.06,,,,E,Estimated value,,,,,,,,
DATAFLOW,OECD.ELS.HD:DSD_HEALTH_REAC_EMP@DF_HOSP_EMP(1.0),Hospital employment,I,CAN,Canada,HE,Hospital employment,PS,Persons,_Z,Not applicable,_Z,Not applicable,PHYS,Physicians,_Z,Not applicable,_Z,Not applicable,_Z,Not applicable,2021,,44810,,,,E,Estimated value,,,,,,,,
DATAFLOW,OECD.ELS.HD:DSD_HEALTH_REAC_EMP@DF_HOSP_EMP(1.0),Hospital employment,I,CAN,Canada,HE,Hospital employment,PS,Persons,_Z,Not applicable,_Z,Not applicable,PHYS,Physicians,_Z,Not applicable,_Z,Not applicable,_Z,Not applicable,2019,,36971,,,,E,Estimated value,,,,,,,,
DATAFLOW,OECD.ELS.HD:DSD_HEALTH_REAC_EMP@DF_HOSP_EMP(1.0),Hospital employment,I,CAN,Canada,HE,Hospital employment,PS,Persons,_Z,Not applicable,_Z,Not applicable,PHYS,Physicians,_Z,Not applicable,_Z,Not applicable,_Z,Not applicable,2018,,36859,,,,E,Estimated value,,,,,,,,
DATAFLOW,OECD.ELS.HD:DSD_HEALTH_REAC_EMP@DF_HOSP_EMP(1.0),Hospital employment,I,CAN,Canada,HE,Hospital employment,PS,Persons,_Z,Not applicable,_Z,Not applicable,PHYS,Physicians,_Z,Not applicable,_Z,Not applicable,_Z,Not applicable,2017,,36922,,,,E,Estimated value,,,,,,,,
DATAFLOW,OECD.ELS.HD:DSD_HEALTH_REAC_EMP@DF_HOSP_EMP(1.0),Hospital employment,I,CAN,Canada,HE,Hospital employment,PS,Persons,_Z,Not applicable,_Z,Not applicable,PHYS,Physicians,_Z,Not applicable,_Z,Not applicable,_Z,Not applicable,2016,,36510,,,,E,Estimated value,,,,,,,,
DATAFLOW,OECD.ELS.HD:DSD_HEALTH_REAC_EMP@DF_HOSP_EMP(1.0),Hospital employment,I,TUR,Türkiye,HE,Hospital employment,PS,Persons,_Z,Not applicable,_Z,Not applicable,PHYS,Physicians,_Z,Not applicable,_Z,Not applicable,_Z,Not applicable,2021,,148149,,,,,,,,,,,,,
DATAFLOW,OECD.ELS.HD:DSD_HEALTH_REAC_EMP@DF_HOSP_EMP(1.0),Hospital employment,I,TUR,Türkiye,HE,Hospital employment,PS,Persons,_Z,Not applicable,_Z,Not applicable,PHYS,Physicians,_Z,Not applicable,_Z,Not applicable,_Z,Not applicable,2020,,137456,,,,,,,,,,,,,
DATAFLOW,OECD.ELS.HD:DSD_HEALTH_REAC_EMP@DF_HOSP_EMP(1.0),Hospital employment,I,TUR,Türkiye,HE,Hospital employment,PS,Persons,_Z,Not applicable,_Z,Not applicable,PHYS,Physicians,_Z,Not applicable,_Z,Not applicable,_Z,Not applicable,2019,,128912,,,,,,,,,,,,,
DATAFLOW,OECD.ELS.HD:DSD_HEALTH_REAC_EMP@DF_HOSP_EMP(1.0),Hospital employment,I,TUR,Türkiye,HE,Hospital employment,PS,Persons,_Z,Not applicable,_Z,Not applicable,PHYS,Physicians,_Z,Not applicable,_Z,Not applicable,_Z,Not applicable,2017,,115203,,,,,,,,,,,,,
DATAFLOW,OECD.ELS.HD:DSD_HEALTH_REAC_EMP@DF_HOSP_EMP(1.0),Hospital employment,I,TUR,Türkiye,HE,Hospital employment,PS,Persons,_Z,Not applicable,_Z,Not applicable,PHYS,Physicians,_Z,Not applicable,_Z,Not applicable,_Z,Not applicable,2016,,112027,,,,,,,,,,,,,
DATAFLOW,OECD.ELS.HD:DSD_HEALTH_REAC_EMP@DF_HOSP_EMP(1.0),Hospital employment,I,TUR,Türkiye,HE,Hospital employment,PS,Persons,_Z,Not applicable,_Z,Not applicable,PHYS,Physicians,_Z,Not applicable,_Z,Not applicable,_Z,Not applicable,2015,,109485,,,,,,,,,,,,,
DATAFLOW,OECD.ELS.HD:DSD_HEALTH_REAC_EMP@DF_HOSP_EMP(1.0),Hospital employment,I,TUR,Türkiye,HE,Hospital employment,PS,Persons,_Z,Not applicable,_Z,Not applicable,PHYS,Physicians,_Z,Not applicable,_Z,Not applicable,_Z,Not applicable,2022,,159630,,,,,,,,,,,,,
DATAFLOW,OECD.ELS.HD:DSD_HEALTH_REAC_EMP@DF_HOSP_EMP(1.0),Hospital employment,I,TUR,Türkiye,HE,Hospital employment,PS,Persons,_Z,Not applicable,_Z,Not applicable,PHYS,Physicians,_Z,Not applicable,_Z,Not applicable,_Z,Not applicable,2018,,121599,,,,B,Time series break,,,,,,,,
DATAFLOW,OECD.ELS.HD:DSD_HEALTH_REAC_EMP@DF_HOSP_EMP(1.0),Hospital employment,I,EST,Estonia,HE,Hospital employment,PS,Persons,_Z,Not applicable,_Z,Not applicable,PHYS,Physicians,_Z,Not applicable,_Z,Not applicable,_Z,Not applicable,2017,,3135,,,,,,,,,,,,,
DATAFLOW,OECD.ELS.HD:DSD_HEALTH_REAC_EMP@DF_HOSP_EMP(1.0),Hospital employment,I,EST,Estonia,HE,Hospital employment,PS,Persons,_Z,Not applicable,_Z,Not applicable,PHYS,Physicians,_Z,Not applicable,_Z,Not applicable,_Z,Not applicable,2016,,3100,,,,,,,,,,,,,
DATAFLOW,OECD.ELS.HD:DSD_HEALTH_REAC_EMP@DF_HOSP_EMP(1.0),Hospital employment,I,EST,Estonia,HE,Hospital employment,PS,Persons,_Z,Not applicable,_Z,Not applicable,PHYS,Physicians,_Z,Not applicable,_Z,Not applicable,_Z,Not applicable,2015,,3053,,,,,,,,,,,,,
DATAFLOW,OECD.ELS.HD:DSD_HEALTH_REAC_EMP@DF_HOSP_EMP(1.0),Hospital employment,I,EST,Estonia,HE,Hospital employment,PS,Persons,_Z,Not applicable,_Z,Not applicable,PHYS,Physicians,_Z,Not applicable,_Z,Not applicable,_Z,Not applicable,2022,,3146,,,,,,,,,,,,,
DATAFLOW,OECD.ELS.HD:DSD_HEALTH_REAC_EMP@DF_HOSP_EMP(1.0),Hospital employment,I,EST,Estonia,HE,Hospital employment,PS,Persons,_Z,Not applicable,_Z,Not applicable,PHYS,Physicians,_Z,Not applicable,_Z,Not applicable,_Z,Not applicable,2021,,3063,,,,,,,,,,,,,
DATAFLOW,OECD.ELS.HD:DSD_HEALTH_REAC_EMP@DF_HOSP_EMP(1.0),Hospital employment,I,EST,Estonia,HE,Hospital employment,PS,Persons,_Z,Not applicable,_Z,Not applicable,PHYS,Physicians,_Z,Not applicable,_Z,Not applicable,_Z,Not applicable,2020,,3166,,,,,,,,,,,,,
DATAFLOW,OECD.ELS.HD:DSD_HEALTH_REAC_EMP@DF_HOSP_EMP(1.0),Hospital employment,I,EST,Estonia,HE,Hospital employment,PS,Persons,_Z,Not applicable,_Z,Not applicable,PHYS,Physicians,_Z,Not applicable,_Z,Not applicable,_Z,Not applicable,2019,,3127,,,,,,,,,,,,,
DATAFLOW,OECD.ELS.HD:DSD_HEALTH_REAC_EMP@DF_HOSP_EMP(1.0),Hospital employment,I,EST,Estonia,HE,Hospital employment,PS,Persons,_Z,Not applicable,_Z,Not applicable,PHYS,Physicians,_Z,Not applicable,_Z,Not applicable,_Z,Not applicable,2018,,3161,,,,,,,,,,,,,
DATAFLOW,OECD.ELS.HD:DSD_HEALTH_REAC_EMP@DF_HOSP_EMP(1.0),Hospital employment,I,BGR,Bulgaria,HE,Hospital employment,PS,Persons,_Z,Not applicable,_Z,Not applicable,PHYS,Physicians,_Z,Not applicable,_Z,Not applicable,_Z,Not applicable,2020,,16997,,,,,,,,,,,,,
DATAFLOW,OECD.ELS.HD:DSD_HEALTH_REAC_EMP@DF_HOSP_EMP(1.0),Hospital employment,I,BGR,Bulgaria,HE,Hospital employment,PS,Persons,_Z,Not applicable,_Z,Not applicable,PHYS,Physicians,_Z,Not applicable,_Z,Not applicable,_Z,Not applicable,2019,,16938,,,,,,,,,,,,,
DATAFLOW,OECD.ELS.HD:DSD_HEALTH_REAC_EMP@DF_HOSP_EMP(1.0),Hospital employment,I,BGR,Bulgaria,HE,Hospital employment,PS,Persons,_Z,Not applicable,_Z,Not applicable,PHYS,Physicians,_Z,Not applicable,_Z,Not applicable,_Z,Not applicable,2018,,16960,,,,,,,,,,,,,
DATAFLOW,OECD.ELS.HD:DSD_HEALTH_REAC_EMP@DF_HOSP_EMP(1.0),Hospital employment,I,BGR,Bulgaria,HE,Hospital employment,PS,Persons,_Z,Not applicable,_Z,Not applicable,PHYS,Physicians,_Z,Not applicable,_Z,Not applicable,_Z,Not applicable,2017,,17011,,,,,,,,,,,,,
DATAFLOW,OECD.ELS.HD:DSD_HEALTH_REAC_EMP@DF_HOSP_EMP(1.0),Hospital employment,I,BGR,Bulgaria,HE,Hospital employment,PS,Persons,_Z,Not applicable,_Z,Not applicable,PHYS,Physicians,_Z,Not applicable,_Z,Not applicable,_Z,Not applicable,2016,,16732,,,,,,,,,,,,,
DATAFLOW,OECD.ELS.HD:DSD_HEALTH_REAC_EMP@DF_HOSP_EMP(1.0),Hospital employment,I,BGR,Bulgaria,HE,Hospital employment,PS,Persons,_Z,Not applicable,_Z,Not applicable,PHYS,Physicians,_Z,Not applicable,_Z,Not applicable,_Z,Not applicable,2015,,16478,,,,,,,,,,,,,
DATAFLOW,OECD.ELS.HD:DSD_HEALTH_REAC_EMP@DF_HOSP_EMP(1.0),Hospital employment,I,BGR,Bulgaria,HE,Hospital employment,PS,Persons,_Z,Not applicable,_Z,Not applicable,PHYS,Physicians,_Z,Not applicable,_Z,Not applicable,_Z,Not applicable,2022,,17347,,,,,,,,,,,,,
DATAFLOW,OECD.ELS.HD:DSD_HEALTH_REAC_EMP@DF_HOSP_EMP(1.0),Hospital employment,I,BGR,Bulgaria,HE,Hospital employment,PS,Persons,_Z,Not applicable,_Z,Not applicable,PHYS,Physicians,_Z,Not applicable,_Z,Not applicable,_Z,Not applicable,2021,,17121,,,,,,,,,,,,,
DATAFLOW,OECD.ELS.HD:DSD_HEALTH_REAC_EMP@DF_HOSP_EMP(1.0),Hospital employment,I,CYP,Cyprus,HE,Hospital employment,PS,Persons,_Z,Not applicable,_Z,Not applicable,PHYS,Physicians,_Z,Not applicable,_Z,Not applicable,_Z,Not applicable,2021,,692,,,,D,Definition differs,,,,,,,,
DATAFLOW,OECD.ELS.HD:DSD_HEALTH_REAC_EMP@DF_HOSP_EMP(1.0),Hospital employment,I,CYP,Cyprus,HE,Hospital employment,PS,Persons,_Z,Not applicable,_Z,Not applicable,PHYS,Physicians,_Z,Not applicable,_Z,Not applicable,_Z,Not applicable,2020,,895,,,,D,Definition differs,,,,,,,,
DATAFLOW,OECD.ELS.HD:DSD_HEALTH_REAC_EMP@DF_HOSP_EMP(1.0),Hospital employment,I,CYP,Cyprus,HE,Hospital employment,PS,Persons,_Z,Not applicable,_Z,Not applicable,PHYS,Physicians,_Z,Not applicable,_Z,Not applicable,_Z,Not applicable,2019,,822,,,,D,Definition differs,,,,,,,,
DATAFLOW,OECD.ELS.HD:DSD_HEALTH_REAC_EMP@DF_HOSP_EMP(1.0),Hospital employment,I,CYP,Cyprus,HE,Hospital employment,PS,Persons,_Z,Not applicable,_Z,Not applicable,PHYS,Physicians,_Z,Not applicable,_Z,Not applicable,_Z,Not applicable,2022,,720,,,,D,Definition differs,,,,,,,,
DATAFLOW,OECD.ELS.HD:DSD_HEALTH_REAC_EMP@DF_HOSP_EMP(1.0),Hospital employment,I,CYP,Cyprus,HE,Hospital employment,PS,Persons,_Z,Not applicable,_Z,Not applicable,PHYS,Physicians,_Z,Not applicable,_Z,Not applicable,_Z,Not applicable,2018,,842,,,,D,Definition differs,,,,,,,,
DATAFLOW,OECD.ELS.HD:DSD_HEALTH_REAC_EMP@DF_HOSP_EMP(1.0),Hospital employment,I,CYP,Cyprus,HE,Hospital employment,PS,Persons,_Z,Not applicable,_Z,Not applicable,PHYS,Physicians,_Z,Not applicable,_Z,Not applicable,_Z,Not applicable,2017,,801,,,,D,Definition differs,,,,,,,,
DATAFLOW,OECD.ELS.HD:DSD_HEALTH_REAC_EMP@DF_HOSP_EMP(1.0),Hospital employment,I,CYP,Cyprus,HE,Hospital employment,PS,Persons,_Z,Not applicable,_Z,Not applicable,PHYS,Physicians,_Z,Not applicable,_Z,Not applicable,_Z,Not applicable,2016,,787,,,,D,Definition differs,,,,,,,,
DATAFLOW,OECD.ELS.HD:DSD_HEALTH_REAC_EMP@DF_HOSP_EMP(1.0),Hospital employment,I,CYP,Cyprus,HE,Hospital employment,PS,Persons,_Z,Not applicable,_Z,Not applicable,PHYS,Physicians,_Z,Not applicable,_Z,Not applicable,_Z,Not applicable,2015,,790,,,,D,Definition differs,,,,,,,,
DATAFLOW,OECD.ELS.HD:DSD_HEALTH_REAC_EMP@DF_HOSP_EMP(1.0),Hospital employment,I,BEL,Belgium,HE,Hospital employment,PS,Persons,_Z,Not applicable,_Z,Not applicable,PHYS,Physicians,_Z,Not applicable,_Z,Not applicable,_Z,Not applicable,2015,,7932,,,,,,,,,,,,,
DATAFLOW,OECD.ELS.HD:DSD_HEALTH_REAC_EMP@DF_HOSP_EMP(1.0),Hospital employment,I,BEL,Belgium,HE,Hospital employment,PS,Persons,_Z,Not applicable,_Z,Not applicable,PHYS,Physicians,_Z,Not applicable,_Z,Not applicable,_Z,Not applicable,2018,,7501,,,,,,,,,,,,,
DATAFLOW,OECD.ELS.HD:DSD_HEALTH_REAC_EMP@DF_HOSP_EMP(1.0),Hospital employment,I,BEL,Belgium,HE,Hospital employment,PS,Persons,_Z,Not applicable,_Z,Not applicable,PHYS,Physicians,_Z,Not applicable,_Z,Not applicable,_Z,Not applicable,2017,,8372,,,,,,,,,,,,,
DATAFLOW,OECD.ELS.HD:DSD_HEALTH_REAC_EMP@DF_HOSP_EMP(1.0),Hospital employment,I,BEL,Belgium,HE,Hospital employment,PS,Persons,_Z,Not applicable,_Z,Not applicable,PHYS,Physicians,_Z,Not applicable,_Z,Not applicable,_Z,Not applicable,2016,,7921,,,,,,,,,,,,,
DATAFLOW,OECD.ELS.HD:DSD_HEALTH_REAC_EMP@DF_HOSP_EMP(1.0),Hospital employment,I,LTU,Lithuania,HE,Hospital employment,PS,Persons,_Z,Not applicable,_Z,Not applicable,PHYS,Physicians,_Z,Not applicable,_Z,Not applicable,_Z,Not applicable,2021,,8401,,,,,,,,,,,,,
DATAFLOW,OECD.ELS.HD:DSD_HEALTH_REAC_EMP@DF_HOSP_EMP(1.0),Hospital employment,I,LTU,Lithuania,HE,Hospital employment,PS,Persons,_Z,Not applicable,_Z,Not applicable,PHYS,Physicians,_Z,Not applicable,_Z,Not applicable,_Z,Not applicable,2020,,8405,,,,,,,,,,,,,
DATAFLOW,OECD.ELS.HD:DSD_HEALTH_REAC_EMP@DF_HOSP_EMP(1.0),Hospital employment,I,LTU,Lithuania,HE,Hospital employment,PS,Persons,_Z,Not applicable,_Z,Not applicable,PHYS,Physicians,_Z,Not applicable,_Z,Not applicable,_Z,Not applicable,2019,,8692,,,,,,,,,,,,,
DATAFLOW,OECD.ELS.HD:DSD_HEALTH_REAC_EMP@DF_HOSP_EMP(1.0),Hospital employment,I,POL,Poland,HE,Hospital employment,PS,Persons,_Z,Not applicable,_Z,Not applicable,PHYS,Physicians,_Z,Not applicable,_Z,Not applicable,_Z,Not applicable,2017,,40387,,,,,,,,,,,,,
DATAFLOW,OECD.ELS.HD:DSD_HEALTH_REAC_EMP@DF_HOSP_EMP(1.0),Hospital employment,I,POL,Poland,HE,Hospital employment,PS,Persons,_Z,Not applicable,_Z,Not applicable,PHYS,Physicians,_Z,Not applicable,_Z,Not applicable,_Z,Not applicable,2016,,41935,,,,,,,,,,,,,
DATAFLOW,OECD.ELS.HD:DSD_HEALTH_REAC_EMP@DF_HOSP_EMP(1.0),Hospital employment,I,POL,Poland,HE,Hospital employment,PS,Persons,_Z,Not applicable,_Z,Not applicable,PHYS,Physicians,_Z,Not applicable,_Z,Not applicable,_Z,Not applicable,2015,,42127,,,,,,,,,,,,,
DATAFLOW,OECD.ELS.HD:DSD_HEALTH_REAC_EMP@DF_HOSP_EMP(1.0),Hospital employment,I,LTU,Lithuania,HE,Hospital employment,PS,Persons,_Z,Not applicable,_Z,Not applicable,PHYS,Physicians,_Z,Not applicable,_Z,Not applicable,_Z,Not applicable,2015,,8342,,,,,,,,,,,,,
DATAFLOW,OECD.ELS.HD:DSD_HEALTH_REAC_EMP@DF_HOSP_EMP(1.0),Hospital employment,I,LTU,Lithuania,HE,Hospital employment,PS,Persons,_Z,Not applicable,_Z,Not applicable,PHYS,Physicians,_Z,Not applicable,_Z,Not applicable,_Z,Not applicable,2022,,8230,,,,,,,,,,,,,
DATAFLOW,OECD.ELS.HD:DSD_HEALTH_REAC_EMP@DF_HOSP_EMP(1.0),Hospital employment,I,ISR,Israel,HE,Hospital employment,PS,Persons,_Z,Not applicable,_Z,Not applicable,PHYS,Physicians,_Z,Not applicable,_Z,Not applicable,_Z,Not applicable,2016,,16500,,,,,,,,,,,,,
DATAFLOW,OECD.ELS.HD:DSD_HEALTH_REAC_EMP@DF_HOSP_EMP(1.0),Hospital employment,I,ISR,Israel,HE,Hospital employment,PS,Persons,_Z,Not applicable,_Z,Not applicable,PHYS,Physicians,_Z,Not applicable,_Z,Not applicable,_Z,Not applicable,2023,,22600,,,,,,,,,,,,,
DATAFLOW,OECD.ELS.HD:DSD_HEALTH_REAC_EMP@DF_HOSP_EMP(1.0),Hospital employment,I,ISR,Israel,HE,Hospital employment,PS,Persons,_Z,Not applicable,_Z,Not applicable,PHYS,Physicians,_Z,Not applicable,_Z,Not applicable,_Z,Not applicable,2022,,20800,,,,,,,,,,,,,
DATAFLOW,OECD.ELS.HD:DSD_HEALTH_REAC_EMP@DF_HOSP_EMP(1.0),Hospital employment,I,ISR,Israel,HE,Hospital employment,PS,Persons,_Z,Not applicable,_Z,Not applicable,PHYS,Physicians,_Z,Not applicable,_Z,Not applicable,_Z,Not applicable,2021,,19700,,,,,,,,,,,,,
DATAFLOW,OECD.ELS.HD:DSD_HEALTH_REAC_EMP@DF_HOSP_EMP(1.0),Hospital employment,I,ISR,Israel,HE,Hospital employment,PS,Persons,_Z,Not applicable,_Z,Not applicable,PHYS,Physicians,_Z,Not applicable,_Z,Not applicable,_Z,Not applicable,2020,,20100,,,,,,,,,,,,,
DATAFLOW,OECD.ELS.HD:DSD_HEALTH_REAC_EMP@DF_HOSP_EMP(1.0),Hospital employment,I,ISR,Israel,HE,Hospital employment,PS,Persons,_Z,Not applicable,_Z,Not applicable,PHYS,Physicians,_Z,Not applicable,_Z,Not applicable,_Z,Not applicable,2019,,18800,,,,,,,,,,,,,
DATAFLOW,OECD.ELS.HD:DSD_HEALTH_REAC_EMP@DF_HOSP_EMP(1.0),Hospital employment,I,ISR,Israel,HE,Hospital employment,PS,Persons,_Z,Not applicable,_Z,Not applicable,PHYS,Physicians,_Z,Not applicable,_Z,Not applicable,_Z,Not applicable,2018,,19500,,,,,,,,,,,,,
DATAFLOW,OECD.ELS.HD:DSD_HEALTH_REAC_EMP@DF_HOSP_EMP(1.0),Hospital employment,I,ISR,Israel,HE,Hospital employment,PS,Persons,_Z,Not applicable,_Z,Not applicable,PHYS,Physicians,_Z,Not applicable,_Z,Not applicable,_Z,Not applicable,2015,,15900,,,,,,,,,,,,,
DATAFLOW,OECD.ELS.HD:DSD_HEALTH_REAC_EMP@DF_HOSP_EMP(1.0),Hospital employment,I,ISR,Israel,HE,Hospital employment,PS,Persons,_Z,Not applicable,_Z,Not applicable,PHYS,Physicians,_Z,Not applicable,_Z,Not applicable,_Z,Not applicable,2017,,17400,,,,,,,,,,,,,
DATAFLOW,OECD.ELS.HD:DSD_HEALTH_REAC_EMP@DF_HOSP_EMP(1.0),Hospital employment,I,FIN,Finland,HE,Hospital employment,PS,Persons,_Z,Not applicable,_Z,Not applicable,PHYS,Physicians,_Z,Not applicable,_Z,Not applicable,_Z,Not applicable,2016,,9438,,,,,,,,,,,,,
DATAFLOW,OECD.ELS.HD:DSD_HEALTH_REAC_EMP@DF_HOSP_EMP(1.0),Hospital employment,I,FIN,Finland,HE,Hospital employment,PS,Persons,_Z,Not applicable,_Z,Not applicable,PHYS,Physicians,_Z,Not applicable,_Z,Not applicable,_Z,Not applicable,2020,,10710,,,,,,,,,,,,,
DATAFLOW,OECD.ELS.HD:DSD_HEALTH_REAC_EMP@DF_HOSP_EMP(1.0),Hospital employment,I,FIN,Finland,HE,Hospital employment,PS,Persons,_Z,Not applicable,_Z,Not applicable,PHYS,Physicians,_Z,Not applicable,_Z,Not applicable,_Z,Not applicable,2019,,10516,,,,,,,,,,,,,
DATAFLOW,OECD.ELS.HD:DSD_HEALTH_REAC_EMP@DF_HOSP_EMP(1.0),Hospital employment,I,FIN,Finland,HE,Hospital employment,PS,Persons,_Z,Not applicable,_Z,Not applicable,PHYS,Physicians,_Z,Not applicable,_Z,Not applicable,_Z,Not applicable,2015,,9152,,,,,,,,,,,,,
DATAFLOW,OECD.ELS.HD:DSD_HEALTH_REAC_EMP@DF_HOSP_EMP(1.0),Hospital employment,I,FIN,Finland,HE,Hospital employment,PS,Persons,_Z,Not applicable,_Z,Not applicable,PHYS,Physicians,_Z,Not applicable,_Z,Not applicable,_Z,Not applicable,2021,,10585,,,,,,,,,,,,,
DATAFLOW,OECD.ELS.HD:DSD_HEALTH_REAC_EMP@DF_HOSP_EMP(1.0),Hospital employment,I,FIN,Finland,HE,Hospital employment,PS,Persons,_Z,Not applicable,_Z,Not applicable,PHYS,Physicians,_Z,Not applicable,_Z,Not applicable,_Z,Not applicable,2018,,9732,,,,,,,,,,,,,
DATAFLOW,OECD.ELS.HD:DSD_HEALTH_REAC_EMP@DF_HOSP_EMP(1.0),Hospital employment,I,FIN,Finland,HE,Hospital employment,PS,Persons,_Z,Not applicable,_Z,Not applicable,PHYS,Physicians,_Z,Not applicable,_Z,Not applicable,_Z,Not applicable,2017,,9892,,,,,,,,,,,,,
DATAFLOW,OECD.ELS.HD:DSD_HEALTH_REAC_EMP@DF_HOSP_EMP(1.0),Hospital employment,I,CHE,Switzerland,HE,Hospital employment,PS,Persons,_Z,Not applicable,_Z,Not applicable,PHYS,Physicians,_Z,Not applicable,_Z,Not applicable,_Z,Not applicable,2017,,26899,,,,,,,,,,,,,
DATAFLOW,OECD.ELS.HD:DSD_HEALTH_REAC_EMP@DF_HOSP_EMP(1.0),Hospital employment,I,CHE,Switzerland,HE,Hospital employment,PS,Persons,_Z,Not applicable,_Z,Not applicable,PHYS,Physicians,_Z,Not applicable,_Z,Not applicable,_Z,Not applicable,2016,,26300,,,,,,,,,,,,,
DATAFLOW,OECD.ELS.HD:DSD_HEALTH_REAC_EMP@DF_HOSP_EMP(1.0),Hospital employment,I,CHE,Switzerland,HE,Hospital employment,PS,Persons,_Z,Not applicable,_Z,Not applicable,PHYS,Physicians,_Z,Not applicable,_Z,Not applicable,_Z,Not applicable,2015,,24524,,,,,,,,,,,,,
DATAFLOW,OECD.ELS.HD:DSD_HEALTH_REAC_EMP@DF_HOSP_EMP(1.0),Hospital employment,I,CHE,Switzerland,HE,Hospital employment,PS,Persons,_Z,Not applicable,_Z,Not applicable,PHYS,Physicians,_Z,Not applicable,_Z,Not applicable,_Z,Not applicable,2022,,31447,,,,,,,,,,,,,
DATAFLOW,OECD.ELS.HD:DSD_HEALTH_REAC_EMP@DF_HOSP_EMP(1.0),Hospital employment,I,CHE,Switzerland,HE,Hospital employment,PS,Persons,_Z,Not applicable,_Z,Not applicable,PHYS,Physicians,_Z,Not applicable,_Z,Not applicable,_Z,Not applicable,2021,,30281,,,,,,,,,,,,,
DATAFLOW,OECD.ELS.HD:DSD_HEALTH_REAC_EMP@DF_HOSP_EMP(1.0),Hospital employment,I,CHE,Switzerland,HE,Hospital employment,PS,Persons,_Z,Not applicable,_Z,Not applicable,PHYS,Physicians,_Z,Not applicable,_Z,Not applicable,_Z,Not applicable,2020,,29742,,,,,,,,,,,,,
DATAFLOW,OECD.ELS.HD:DSD_HEALTH_REAC_EMP@DF_HOSP_EMP(1.0),Hospital employment,I,CHE,Switzerland,HE,Hospital employment,PS,Persons,_Z,Not applicable,_Z,Not applicable,PHYS,Physicians,_Z,Not applicable,_Z,Not applicable,_Z,Not applicable,2019,,28572,,,,,,,,,,,,,
DATAFLOW,OECD.ELS.HD:DSD_HEALTH_REAC_EMP@DF_HOSP_EMP(1.0),Hospital employment,I,CHE,Switzerland,HE,Hospital employment,PS,Persons,_Z,Not applicable,_Z,Not applicable,PHYS,Physicians,_Z,Not applicable,_Z,Not applicable,_Z,Not applicable,2018,,27933,,,,,,,,,,,,,
DATAFLOW,OECD.ELS.HD:DSD_HEALTH_REAC_EMP@DF_HOSP_EMP(1.0),Hospital employment,I,NZL,New Zealand,HE,Hospital employment,PS,Persons,_Z,Not applicable,_Z,Not applicable,PHYS,Physicians,_Z,Not applicable,_Z,Not applicable,_Z,Not applicable,2022,,10662,,,,,,,,,,,,,
DATAFLOW,OECD.ELS.HD:DSD_HEALTH_REAC_EMP@DF_HOSP_EMP(1.0),Hospital employment,I,NZL,New Zealand,HE,Hospital employment,PS,Persons,_Z,Not applicable,_Z,Not applicable,PHYS,Physicians,_Z,Not applicable,_Z,Not applicable,_Z,Not applicable,2021,,10512,,,,,,,,,,,,,
DATAFLOW,OECD.ELS.HD:DSD_HEALTH_REAC_EMP@DF_HOSP_EMP(1.0),Hospital employment,I,NZL,New Zealand,HE,Hospital employment,PS,Persons,_Z,Not applicable,_Z,Not applicable,PHYS,Physicians,_Z,Not applicable,_Z,Not applicable,_Z,Not applicable,2020,,10111,,,,,,,,,,,,,
DATAFLOW,OECD.ELS.HD:DSD_HEALTH_REAC_EMP@DF_HOSP_EMP(1.0),Hospital employment,I,NZL,New Zealand,HE,Hospital employment,PS,Persons,_Z,Not applicable,_Z,Not applicable,PHYS,Physicians,_Z,Not applicable,_Z,Not applicable,_Z,Not applicable,2018,,9389,,,,,,,,,,,,,
DATAFLOW,OECD.ELS.HD:DSD_HEALTH_REAC_EMP@DF_HOSP_EMP(1.0),Hospital employment,I,NZL,New Zealand,HE,Hospital employment,PS,Persons,_Z,Not applicable,_Z,Not applicable,PHYS,Physicians,_Z,Not applicable,_Z,Not applicable,_Z,Not applicable,2017,,9038,,,,,,,,,,,,,
DATAFLOW,OECD.ELS.HD:DSD_HEALTH_REAC_EMP@DF_HOSP_EMP(1.0),Hospital employment,I,NZL,New Zealand,HE,Hospital employment,PS,Persons,_Z,Not applicable,_Z,Not applicable,PHYS,Physicians,_Z,Not applicable,_Z,Not applicable,_Z,Not applicable,2016,,8773,,,,,,,,,,,,,
DATAFLOW,OECD.ELS.HD:DSD_HEALTH_REAC_EMP@DF_HOSP_EMP(1.0),Hospital employment,I,NZL,New Zealand,HE,Hospital employment,PS,Persons,_Z,Not applicable,_Z,Not applicable,PHYS,Physicians,_Z,Not applicable,_Z,Not applicable,_Z,Not applicable,2015,,8489,,,,,,,,,,,,,
DATAFLOW,OECD.ELS.HD:DSD_HEALTH_REAC_EMP@DF_HOSP_EMP(1.0),Hospital employment,I,NZL,New Zealand,HE,Hospital employment,PS,Persons,_Z,Not applicable,_Z,Not applicable,PHYS,Physicians,_Z,Not applicable,_Z,Not applicable,_Z,Not applicable,2019,,9635,,,,B,Time series break,,,,,,,,
DATAFLOW,OECD.ELS.HD:DSD_HEALTH_REAC_EMP@DF_HOSP_EMP(1.0),Hospital employment,I,NZL,New Zealand,HE,Hospital employment,PS,Persons,_Z,Not applicable,_Z,Not applicable,PHYS,Physicians,_Z,Not applicable,_Z,Not applicable,_Z,Not applicable,2023,,10824,,,,,,,,,,,,,
DATAFLOW,OECD.ELS.HD:DSD_HEALTH_REAC_EMP@DF_HOSP_EMP(1.0),Hospital employment,I,MEX,Mexico,HE,Hospital employment,PS,Persons,_Z,Not applicable,_Z,Not applicable,PHYS,Physicians,_Z,Not applicable,_Z,Not applicable,_Z,Not applicable,2021,,251447,,,,,,,,,,,,,
DATAFLOW,OECD.ELS.HD:DSD_HEALTH_REAC_EMP@DF_HOSP_EMP(1.0),Hospital employment,I,MEX,Mexico,HE,Hospital employment,PS,Persons,_Z,Not applicable,_Z,Not applicable,PHYS,Physicians,_Z,Not applicable,_Z,Not applicable,_Z,Not applicable,2020,,237815,,,,,,,,,,,,,
DATAFLOW,OECD.ELS.HD:DSD_HEALTH_REAC_EMP@DF_HOSP_EMP(1.0),Hospital employment,I,MEX,Mexico,HE,Hospital employment,PS,Persons,_Z,Not applicable,_Z,Not applicable,PHYS,Physicians,_Z,Not applicable,_Z,Not applicable,_Z,Not applicable,2019,,241312,,,,,,,,,,,,,
DATAFLOW,OECD.ELS.HD:DSD_HEALTH_REAC_EMP@DF_HOSP_EMP(1.0),Hospital employment,I,FRA,France,HE,Hospital employment,PS,Persons,_Z,Not applicable,_Z,Not applicable,PHYS,Physicians,_Z,Not applicable,_Z,Not applicable,_Z,Not applicable,2018,,176099,,,,,,,,,,,,,
DATAFLOW,OECD.ELS.HD:DSD_HEALTH_REAC_EMP@DF_HOSP_EMP(1.0),Hospital employment,I,FRA,France,HE,Hospital employment,PS,Persons,_Z,Not applicable,_Z,Not applicable,PHYS,Physicians,_Z,Not applicable,_Z,Not applicable,_Z,Not applicable,2017,,174502,,,,,,,,,,,,,
DATAFLOW,OECD.ELS.HD:DSD_HEALTH_REAC_EMP@DF_HOSP_EMP(1.0),Hospital employment,I,FRA,France,HE,Hospital employment,PS,Persons,_Z,Not applicable,_Z,Not applicable,PHYS,Physicians,_Z,Not applicable,_Z,Not applicable,_Z,Not applicable,2016,,173015,,,,,,,,,,,,,
DATAFLOW,OECD.ELS.HD:DSD_HEALTH_REAC_EMP@DF_HOSP_EMP(1.0),Hospital employment,I,FRA,France,HE,Hospital employment,PS,Persons,_Z,Not applicable,_Z,Not applicable,PHYS,Physicians,_Z,Not applicable,_Z,Not applicable,_Z,Not applicable,2015,,171593,,,,,,,,,,,,,
DATAFLOW,OECD.ELS.HD:DSD_HEALTH_REAC_EMP@DF_HOSP_EMP(1.0),Hospital employment,I,FRA,France,HE,Hospital employment,PS,Persons,_Z,Not applicable,_Z,Not applicable,PHYS,Physicians,_Z,Not applicable,_Z,Not applicable,_Z,Not applicable,2022,,188400,,,,,,,,,,,,,
DATAFLOW,OECD.ELS.HD:DSD_HEALTH_REAC_EMP@DF_HOSP_EMP(1.0),Hospital employment,I,FRA,France,HE,Hospital employment,PS,Persons,_Z,Not applicable,_Z,Not applicable,PHYS,Physicians,_Z,Not applicable,_Z,Not applicable,_Z,Not applicable,2021,,185825,,,,,,,,,,,,,
DATAFLOW,OECD.ELS.HD:DSD_HEALTH_REAC_EMP@DF_HOSP_EMP(1.0),Hospital employment,I,FRA,France,HE,Hospital employment,PS,Persons,_Z,Not applicable,_Z,Not applicable,PHYS,Physicians,_Z,Not applicable,_Z,Not applicable,_Z,Not applicable,2019,,177390,,,,,,,,,,,,,
DATAFLOW,OECD.ELS.HD:DSD_HEALTH_REAC_EMP@DF_HOSP_EMP(1.0),Hospital employment,I,MEX,Mexico,HE,Hospital employment,PS,Persons,_Z,Not applicable,_Z,Not applicable,PHYS,Physicians,_Z,Not applicable,_Z,Not applicable,_Z,Not applicable,2018,,236790,,,,,,,,,,,,,
DATAFLOW,OECD.ELS.HD:DSD_HEALTH_REAC_EMP@DF_HOSP_EMP(1.0),Hospital employment,I,MEX,Mexico,HE,Hospital employment,PS,Persons,_Z,Not applicable,_Z,Not applicable,PHYS,Physicians,_Z,Not applicable,_Z,Not applicable,_Z,Not applicable,2017,,225482,,,,,,,,,,,,,
DATAFLOW,OECD.ELS.HD:DSD_HEALTH_REAC_EMP@DF_HOSP_EMP(1.0),Hospital employment,I,MEX,Mexico,HE,Hospital employment,PS,Persons,_Z,Not applicable,_Z,Not applicable,PHYS,Physicians,_Z,Not applicable,_Z,Not applicable,_Z,Not applicable,2016,,218473,,,,,,,,,,,,,
DATAFLOW,OECD.ELS.HD:DSD_HEALTH_REAC_EMP@DF_HOSP_EMP(1.0),Hospital employment,I,MEX,Mexico,HE,Hospital employment,PS,Persons,_Z,Not applicable,_Z,Not applicable,PHYS,Physicians,_Z,Not applicable,_Z,Not applicable,_Z,Not applicable,2015,,210859,,,,,,,,,,,,,
DATAFLOW,OECD.ELS.HD:DSD_HEALTH_REAC_EMP@DF_HOSP_EMP(1.0),Hospital employment,I,MEX,Mexico,HE,Hospital employment,PS,Persons,_Z,Not applicable,_Z,Not applicable,PHYS,Physicians,_Z,Not applicable,_Z,Not applicable,_Z,Not applicable,2022,,259359,,,,,,,,,,,,,
DATAFLOW,OECD.ELS.HD:DSD_HEALTH_REAC_EMP@DF_HOSP_EMP(1.0),Hospital employment,I,USA,United States,HE,Hospital employment,PS,Persons,_Z,Not applicable,_Z,Not applicable,PHYS,Physicians,_Z,Not applicable,_Z,Not applicable,_Z,Not applicable,2021,,350188,,,,,,,,,,,,,
DATAFLOW,OECD.ELS.HD:DSD_HEALTH_REAC_EMP@DF_HOSP_EMP(1.0),Hospital employment,I,USA,United States,HE,Hospital employment,PS,Persons,_Z,Not applicable,_Z,Not applicable,PHYS,Physicians,_Z,Not applicable,_Z,Not applicable,_Z,Not applicable,2020,,344199,,,,,,,,,,,,,
DATAFLOW,OECD.ELS.HD:DSD_HEALTH_REAC_EMP@DF_HOSP_EMP(1.0),Hospital employment,I,USA,United States,HE,Hospital employment,PS,Persons,_Z,Not applicable,_Z,Not applicable,PHYS,Physicians,_Z,Not applicable,_Z,Not applicable,_Z,Not applicable,2019,,340958,,,,,,,,,,,,,
DATAFLOW,OECD.ELS.HD:DSD_HEALTH_REAC_EMP@DF_HOSP_EMP(1.0),Hospital employment,I,IRL,Ireland,HE,Hospital employment,PS,Persons,_Z,Not applicable,_Z,Not applicable,PHYS,Physicians,_Z,Not applicable,_Z,Not applicable,_Z,Not applicable,2019,,8962,,,,,,,,,,,,,
DATAFLOW,OECD.ELS.HD:DSD_HEALTH_REAC_EMP@DF_HOSP_EMP(1.0),Hospital employment,I,IRL,Ireland,HE,Hospital employment,PS,Persons,_Z,Not applicable,_Z,Not applicable,PHYS,Physicians,_Z,Not applicable,_Z,Not applicable,_Z,Not applicable,2018,,8654,,,,,,,,,,,,,
DATAFLOW,OECD.ELS.HD:DSD_HEALTH_REAC_EMP@DF_HOSP_EMP(1.0),Hospital employment,I,IRL,Ireland,HE,Hospital employment,PS,Persons,_Z,Not applicable,_Z,Not applicable,PHYS,Physicians,_Z,Not applicable,_Z,Not applicable,_Z,Not applicable,2017,,8341,,,,,,,,,,,,,
DATAFLOW,OECD.ELS.HD:DSD_HEALTH_REAC_EMP@DF_HOSP_EMP(1.0),Hospital employment,I,IRL,Ireland,HE,Hospital employment,PS,Persons,_Z,Not applicable,_Z,Not applicable,PHYS,Physicians,_Z,Not applicable,_Z,Not applicable,_Z,Not applicable,2016,,8028,,,,,,,,,,,,,
DATAFLOW,OECD.ELS.HD:DSD_HEALTH_REAC_EMP@DF_HOSP_EMP(1.0),Hospital employment,I,IRL,Ireland,HE,Hospital employment,PS,Persons,_Z,Not applicable,_Z,Not applicable,PHYS,Physicians,_Z,Not applicable,_Z,Not applicable,_Z,Not applicable,2015,,7635,,,,B,Time series break,,,,,,,,
DATAFLOW,OECD.ELS.HD:DSD_HEALTH_REAC_EMP@DF_HOSP_EMP(1.0),Hospital employment,I,IRL,Ireland,HE,Hospital employment,PS,Persons,_Z,Not applicable,_Z,Not applicable,PHYS,Physicians,_Z,Not applicable,_Z,Not applicable,_Z,Not applicable,2023,,11598,,,,,,,,,,,,,
DATAFLOW,OECD.ELS.HD:DSD_HEALTH_REAC_EMP@DF_HOSP_EMP(1.0),Hospital employment,I,IRL,Ireland,HE,Hospital employment,PS,Persons,_Z,Not applicable,_Z,Not applicable,PHYS,Physicians,_Z,Not applicable,_Z,Not applicable,_Z,Not applicable,2022,,10732,,,,,,,,,,,,,
DATAFLOW,OECD.ELS.HD:DSD_HEALTH_REAC_EMP@DF_HOSP_EMP(1.0),Hospital employment,I,IRL,Ireland,HE,Hospital employment,PS,Persons,_Z,Not applicable,_Z,Not applicable,PHYS,Physicians,_Z,Not applicable,_Z,Not applicable,_Z,Not applicable,2021,,10189,,,,,,,,,,,,,
DATAFLOW,OECD.ELS.HD:DSD_HEALTH_REAC_EMP@DF_HOSP_EMP(1.0),Hospital employment,I,IRL,Ireland,HE,Hospital employment,PS,Persons,_Z,Not applicable,_Z,Not applicable,PHYS,Physicians,_Z,Not applicable,_Z,Not applicable,_Z,Not applicable,2020,,9804,,,,,,,,,,,,,
DATAFLOW,OECD.ELS.HD:DSD_HEALTH_REAC_EMP@DF_HOSP_EMP(1.0),Hospital employment,I,USA,United States,HE,Hospital employment,PS,Persons,_Z,Not applicable,_Z,Not applicable,PHYS,Physicians,_Z,Not applicable,_Z,Not applicable,_Z,Not applicable,2018,,337561,,,,,,,,,,,,,
DATAFLOW,OECD.ELS.HD:DSD_HEALTH_REAC_EMP@DF_HOSP_EMP(1.0),Hospital employment,I,USA,United States,HE,Hospital employment,PS,Persons,_Z,Not applicable,_Z,Not applicable,PHYS,Physicians,_Z,Not applicable,_Z,Not applicable,_Z,Not applicable,2016,,320460,,,,,,,,,,,,,
DATAFLOW,OECD.ELS.HD:DSD_HEALTH_REAC_EMP@DF_HOSP_EMP(1.0),Hospital employment,I,USA,United States,HE,Hospital employment,PS,Persons,_Z,Not applicable,_Z,Not applicable,PHYS,Physicians,_Z,Not applicable,_Z,Not applicable,_Z,Not applicable,2015,,304371,,,,,,,,,,,,,
DATAFLOW,OECD.ELS.HD:DSD_HEALTH_REAC_EMP@DF_HOSP_EMP(1.0),Hospital employment,I,USA,United States,HE,Hospital employment,PS,Persons,_Z,Not applicable,_Z,Not applicable,PHYS,Physicians,_Z,Not applicable,_Z,Not applicable,_Z,Not applicable,2022,,365292,,,,,,,,,,,,,
DATAFLOW,OECD.ELS.HD:DSD_HEALTH_REAC_EMP@DF_HOSP_EMP(1.0),Hospital employment,I,USA,United States,HE,Hospital employment,PS,Persons,_Z,Not applicable,_Z,Not applicable,PHYS,Physicians,_Z,Not applicable,_Z,Not applicable,_Z,Not applicable,2017,,329441,,,,B,Time series break,,,,,,,,
DATAFLOW,OECD.ELS.HD:DSD_HEALTH_REAC_EMP@DF_HOSP_EMP(1.0),Hospital employment,I,ESP,Spain,HE,Hospital employment,PS,Persons,_Z,Not applicable,_Z,Not applicable,PHYS,Physicians,_Z,Not applicable,_Z,Not applicable,_Z,Not applicable,2021,,121772,,,,,,,,,,,,,
DATAFLOW,OECD.ELS.HD:DSD_HEALTH_REAC_EMP@DF_HOSP_EMP(1.0),Hospital employment,I,ESP,Spain,HE,Hospital employment,PS,Persons,_Z,Not applicable,_Z,Not applicable,PHYS,Physicians,_Z,Not applicable,_Z,Not applicable,_Z,Not applicable,2020,,116340,,,,,,,,,,,,,
DATAFLOW,OECD.ELS.HD:DSD_HEALTH_REAC_EMP@DF_HOSP_EMP(1.0),Hospital employment,I,ESP,Spain,HE,Hospital employment,PS,Persons,_Z,Not applicable,_Z,Not applicable,PHYS,Physicians,_Z,Not applicable,_Z,Not applicable,_Z,Not applicable,2019,,112753,,,,,,,,,,,,,
DATAFLOW,OECD.ELS.HD:DSD_HEALTH_REAC_EMP@DF_HOSP_EMP(1.0),Hospital employment,I,ESP,Spain,HE,Hospital employment,PS,Persons,_Z,Not applicable,_Z,Not applicable,PHYS,Physicians,_Z,Not applicable,_Z,Not applicable,_Z,Not applicable,2018,,111796,,,,,,,,,,,,,
DATAFLOW,OECD.ELS.HD:DSD_HEALTH_REAC_EMP@DF_HOSP_EMP(1.0),Hospital employment,I,ESP,Spain,HE,Hospital employment,PS,Persons,_Z,Not applicable,_Z,Not applicable,PHYS,Physicians,_Z,Not applicable,_Z,Not applicable,_Z,Not applicable,2017,,108679,,,,,,,,,,,,,
DATAFLOW,OECD.ELS.HD:DSD_HEALTH_REAC_EMP@DF_HOSP_EMP(1.0),Hospital employment,I,ESP,Spain,HE,Hospital employment,PS,Persons,_Z,Not applicable,_Z,Not applicable,PHYS,Physicians,_Z,Not applicable,_Z,Not applicable,_Z,Not applicable,2016,,106708,,,,,,,,,,,,,
DATAFLOW,OECD.ELS.HD:DSD_HEALTH_REAC_EMP@DF_HOSP_EMP(1.0),Hospital employment,I,ESP,Spain,HE,Hospital employment,PS,Persons,_Z,Not applicable,_Z,Not applicable,PHYS,Physicians,_Z,Not applicable,_Z,Not applicable,_Z,Not applicable,2015,,105232,,,,,,,,,,,,,
DATAFLOW,OECD.ELS.HD:DSD_HEALTH_REAC_EMP@DF_HOSP_EMP(1.0),Hospital employment,I,ESP,Spain,HE,Hospital employment,PS,Persons,_Z,Not applicable,_Z,Not applicable,PHYS,Physicians,_Z,Not applicable,_Z,Not applicable,_Z,Not applicable,2022,,124988,,,,P,Provisional value,,,,,,,,
DATAFLOW,OECD.ELS.HD:DSD_HEALTH_REAC_EMP@DF_HOSP_EMP(1.0),Hospital employment,I,GRC,Greece,HE,Hospital employment,PS,Persons,_Z,Not applicable,_Z,Not applicable,PHYS,Physicians,_Z,Not applicable,_Z,Not applicable,_Z,Not applicable,2022,,24819,,,,,,,,,,,,,
DATAFLOW,OECD.ELS.HD:DSD_HEALTH_REAC_EMP@DF_HOSP_EMP(1.0),Hospital employment,I,GRC,Greece,HE,Hospital employment,PS,Persons,_Z,Not applicable,_Z,Not applicable,PHYS,Physicians,_Z,Not applicable,_Z,Not applicable,_Z,Not applicable,2021,,24412,,,,,,,,,,,,,
DATAFLOW,OECD.ELS.HD:DSD_HEALTH_REAC_EMP@DF_HOSP_EMP(1.0),Hospital employment,I,GRC,Greece,HE,Hospital employment,PS,Persons,_Z,Not applicable,_Z,Not applicable,PHYS,Physicians,_Z,Not applicable,_Z,Not applicable,_Z,Not applicable,2020,,23935,,,,,,,,,,,,,
DATAFLOW,OECD.ELS.HD:DSD_HEALTH_REAC_EMP@DF_HOSP_EMP(1.0),Hospital employment,I,GRC,Greece,HE,Hospital employment,PS,Persons,_Z,Not applicable,_Z,Not applicable,PHYS,Physicians,_Z,Not applicable,_Z,Not applicable,_Z,Not applicable,2019,,22940,,,,,,,,,,,,,
DATAFLOW,OECD.ELS.HD:DSD_HEALTH_REAC_EMP@DF_HOSP_EMP(1.0),Hospital employment,I,GRC,Greece,HE,Hospital employment,PS,Persons,_Z,Not applicable,_Z,Not applicable,PHYS,Physicians,_Z,Not applicable,_Z,Not applicable,_Z,Not applicable,2018,,23354,,,,,,,,,,,,,
DATAFLOW,OECD.ELS.HD:DSD_HEALTH_REAC_EMP@DF_HOSP_EMP(1.0),Hospital employment,I,GRC,Greece,HE,Hospital employment,PS,Persons,_Z,Not applicable,_Z,Not applicable,PHYS,Physicians,_Z,Not applicable,_Z,Not applicable,_Z,Not applicable,2017,,23555,,,,,,,,,,,,,
DATAFLOW,OECD.ELS.HD:DSD_HEALTH_REAC_EMP@DF_HOSP_EMP(1.0),Hospital employment,I,GRC,Greece,HE,Hospital employment,PS,Persons,_Z,Not applicable,_Z,Not applicable,PHYS,Physicians,_Z,Not applicable,_Z,Not applicable,_Z,Not applicable,2016,,23321,,,,,,,,,,,,,
DATAFLOW,OECD.ELS.HD:DSD_HEALTH_REAC_EMP@DF_HOSP_EMP(1.0),Hospital employment,I,GRC,Greece,HE,Hospital employment,PS,Persons,_Z,Not applicable,_Z,Not applicable,PHYS,Physicians,_Z,Not applicable,_Z,Not applicable,_Z,Not applicable,2015,,23669,,,,,,,,,,,,,
DATAFLOW,OECD.ELS.HD:DSD_HEALTH_REAC_EMP@DF_HOSP_EMP(1.0),Hospital employment,I,GBR,United Kingdom,HE,Hospital employment,PS,Persons,_Z,Not applicable,_Z,Not applicable,PHYS,Physicians,_Z,Not applicable,_Z,Not applicable,_Z,Not applicable,2020,,152044.05,,,,E,Estimated value,,,,,,,,
DATAFLOW,OECD.ELS.HD:DSD_HEALTH_REAC_EMP@DF_HOSP_EMP(1.0),Hospital employment,I,GBR,United Kingdom,HE,Hospital employment,PS,Persons,_Z,Not applicable,_Z,Not applicable,PHYS,Physicians,_Z,Not applicable,_Z,Not applicable,_Z,Not applicable,2019,,144486.05,,,,E,Estimated value,,,,,,,,
DATAFLOW,OECD.ELS.HD:DSD_HEALTH_REAC_EMP@DF_HOSP_EMP(1.0),Hospital employment,I,GBR,United Kingdom,HE,Hospital employment,PS,Persons,_Z,Not applicable,_Z,Not applicable,PHYS,Physicians,_Z,Not applicable,_Z,Not applicable,_Z,Not applicable,2018,,137654.43,,,,E,Estimated value,,,,,,,,
DATAFLOW,OECD.ELS.HD:DSD_HEALTH_REAC_EMP@DF_HOSP_EMP(1.0),Hospital employment,I,GBR,United Kingdom,HE,Hospital employment,PS,Persons,_Z,Not applicable,_Z,Not applicable,PHYS,Physicians,_Z,Not applicable,_Z,Not applicable,_Z,Not applicable,2017,,134654.52,,,,E,Estimated value,,,,,,,,
DATAFLOW,OECD.ELS.HD:DSD_HEALTH_REAC_EMP@DF_HOSP_EMP(1.0),Hospital employment,I,GBR,United Kingdom,HE,Hospital employment,PS,Persons,_Z,Not applicable,_Z,Not applicable,PHYS,Physicians,_Z,Not applicable,_Z,Not applicable,_Z,Not applicable,2016,,132272.11,,,,E,Estimated value,,,,,,,,
DATAFLOW,OECD.ELS.HD:DSD_HEALTH_REAC_EMP@DF_HOSP_EMP(1.0),Hospital employment,I,GBR,United Kingdom,HE,Hospital employment,PS,Persons,_Z,Not applicable,_Z,Not applicable,PHYS,Physicians,_Z,Not applicable,_Z,Not applicable,_Z,Not applicable,2015,,130242.72,,,,E,Estimated value,,,,,,,,
DATAFLOW,OECD.ELS.HD:DSD_HEALTH_REAC_EMP@DF_HOSP_EMP(1.0),Hospital employment,I,GBR,United Kingdom,HE,Hospital employment,PS,Persons,_Z,Not applicable,_Z,Not applicable,PHYS,Physicians,_Z,Not applicable,_Z,Not applicable,_Z,Not applicable,2023,,172645.94,,,,E,Estimated value,,,,,,,,
DATAFLOW,OECD.ELS.HD:DSD_HEALTH_REAC_EMP@DF_HOSP_EMP(1.0),Hospital employment,I,GBR,United Kingdom,HE,Hospital employment,PS,Persons,_Z,Not applicable,_Z,Not applicable,PHYS,Physicians,_Z,Not applicable,_Z,Not applicable,_Z,Not applicable,2022,,163267.57,,,,E,Estimated value,,,,,,,,
DATAFLOW,OECD.ELS.HD:DSD_HEALTH_REAC_EMP@DF_HOSP_EMP(1.0),Hospital employment,I,GBR,United Kingdom,HE,Hospital employment,PS,Persons,_Z,Not applicable,_Z,Not applicable,PHYS,Physicians,_Z,Not applicable,_Z,Not applicable,_Z,Not applicable,2021,,158247.27,,,,E,Estimated value,,,,,,,,
DATAFLOW,OECD.ELS.HD:DSD_HEALTH_REAC_EMP@DF_HOSP_EMP(1.0),Hospital employment,I,PRT,Portugal,HE,Hospital employment,PS,Persons,_Z,Not applicable,_Z,Not applicable,PHYS,Physicians,_Z,Not applicable,_Z,Not applicable,_Z,Not applicable,2021,,24648,,,,,,,,,,,,,
DATAFLOW,OECD.ELS.HD:DSD_HEALTH_REAC_EMP@DF_HOSP_EMP(1.0),Hospital employment,I,PRT,Portugal,HE,Hospital employment,PS,Persons,_Z,Not applicable,_Z,Not applicable,PHYS,Physicians,_Z,Not applicable,_Z,Not applicable,_Z,Not applicable,2020,,25366,,,,,,,,,,,,,
DATAFLOW,OECD.ELS.HD:DSD_HEALTH_REAC_EMP@DF_HOSP_EMP(1.0),Hospital employment,I,PRT,Portugal,HE,Hospital employment,PS,Persons,_Z,Not applicable,_Z,Not applicable,PHYS,Physicians,_Z,Not applicable,_Z,Not applicable,_Z,Not applicable,2019,,25783,,,,,,,,,,,,,
DATAFLOW,OECD.ELS.HD:DSD_HEALTH_REAC_EMP@DF_HOSP_EMP(1.0),Hospital employment,I,PRT,Portugal,HE,Hospital employment,PS,Persons,_Z,Not applicable,_Z,Not applicable,PHYS,Physicians,_Z,Not applicable,_Z,Not applicable,_Z,Not applicable,2018,,26901,,,,,,,,,,,,,
DATAFLOW,OECD.ELS.HD:DSD_HEALTH_REAC_EMP@DF_HOSP_EMP(1.0),Hospital employment,I,PRT,Portugal,HE,Hospital employment,PS,Persons,_Z,Not applicable,_Z,Not applicable,PHYS,Physicians,_Z,Not applicable,_Z,Not applicable,_Z,Not applicable,2022,,25153,,,,P,Provisional value,,,,,,,,
DATAFLOW,OECD.ELS.HD:DSD_HEALTH_REAC_EMP@DF_HOSP_EMP(1.0),Hospital employment,I,PRT,Portugal,HE,Hospital employment,PS,Persons,_Z,Not applicable,_Z,Not applicable,PHYS,Physicians,_Z,Not applicable,_Z,Not applicable,_Z,Not applicable,2017,,25130,,,,,,,,,,,,,
DATAFLOW,OECD.ELS.HD:DSD_HEALTH_REAC_EMP@DF_HOSP_EMP(1.0),Hospital employment,I,PRT,Portugal,HE,Hospital employment,PS,Persons,_Z,Not applicable,_Z,Not applicable,PHYS,Physicians,_Z,Not applicable,_Z,Not applicable,_Z,Not applicable,2016,,24003,,,,,,,,,,,,,
DATAFLOW,OECD.ELS.HD:DSD_HEALTH_REAC_EMP@DF_HOSP_EMP(1.0),Hospital employment,I,PRT,Portugal,HE,Hospital employment,PS,Persons,_Z,Not applicable,_Z,Not applicable,PHYS,Physicians,_Z,Not applicable,_Z,Not applicable,_Z,Not applicable,2015,,22874,,,,,,,,,,,,,
DATAFLOW,OECD.ELS.HD:DSD_HEALTH_REAC_EMP@DF_HOSP_EMP(1.0),Hospital employment,I,CZE,Czechia,HE,Hospital employment,PS,Persons,_Z,Not applicable,_Z,Not applicable,PHYS,Physicians,_Z,Not applicable,_Z,Not applicable,_Z,Not applicable,2022,,28392,,,,,,,,,,,,,
DATAFLOW,OECD.ELS.HD:DSD_HEALTH_REAC_EMP@DF_HOSP_EMP(1.0),Hospital employment,I,CZE,Czechia,HE,Hospital employment,PS,Persons,_Z,Not applicable,_Z,Not applicable,PHYS,Physicians,_Z,Not applicable,_Z,Not applicable,_Z,Not applicable,2021,,27796,,,,,,,,,,,,,
DATAFLOW,OECD.ELS.HD:DSD_HEALTH_REAC_EMP@DF_HOSP_EMP(1.0),Hospital employment,I,CZE,Czechia,HE,Hospital employment,PS,Persons,_Z,Not applicable,_Z,Not applicable,PHYS,Physicians,_Z,Not applicable,_Z,Not applicable,_Z,Not applicable,2020,,27405,,,,,,,,,,,,,
DATAFLOW,OECD.ELS.HD:DSD_HEALTH_REAC_EMP@DF_HOSP_EMP(1.0),Hospital employment,I,CZE,Czechia,HE,Hospital employment,PS,Persons,_Z,Not applicable,_Z,Not applicable,PHYS,Physicians,_Z,Not applicable,_Z,Not applicable,_Z,Not applicable,2019,,26937,,,,,,,,,,,,,
DATAFLOW,OECD.ELS.HD:DSD_HEALTH_REAC_EMP@DF_HOSP_EMP(1.0),Hospital employment,I,CZE,Czechia,HE,Hospital employment,PS,Persons,_Z,Not applicable,_Z,Not applicable,PHYS,Physicians,_Z,Not applicable,_Z,Not applicable,_Z,Not applicable,2018,,26521,,,,,,,,,,,,,
DATAFLOW,OECD.ELS.HD:DSD_HEALTH_REAC_EMP@DF_HOSP_EMP(1.0),Hospital employment,I,CZE,Czechia,HE,Hospital employment,PS,Persons,_Z,Not applicable,_Z,Not applicable,PHYS,Physicians,_Z,Not applicable,_Z,Not applicable,_Z,Not applicable,2017,,25813,,,,,,,,,,,,,
DATAFLOW,OECD.ELS.HD:DSD_HEALTH_REAC_EMP@DF_HOSP_EMP(1.0),Hospital employment,I,CZE,Czechia,HE,Hospital employment,PS,Persons,_Z,Not applicable,_Z,Not applicable,PHYS,Physicians,_Z,Not applicable,_Z,Not applicable,_Z,Not applicable,2015,,23455,,,,,,,,,,,,,
DATAFLOW,OECD.ELS.HD:DSD_HEALTH_REAC_EMP@DF_HOSP_EMP(1.0),Hospital employment,I,CZE,Czechia,HE,Hospital employment,PS,Persons,_Z,Not applicable,_Z,Not applicable,PHYS,Physicians,_Z,Not applicable,_Z,Not applicable,_Z,Not applicable,2016,,24994,,,,B,Time series break,,,,,,,,
DATAFLOW,OECD.ELS.HD:DSD_HEALTH_REAC_EMP@DF_HOSP_EMP(1.0),Hospital employment,I,LVA,Latvia,HE,Hospital employment,PS,Persons,_Z,Not applicable,_Z,Not applicable,PHYS,Physicians,_Z,Not applicable,_Z,Not applicable,_Z,Not applicable,2021,,3511,,,,,,,,,,,,,
DATAFLOW,OECD.ELS.HD:DSD_HEALTH_REAC_EMP@DF_HOSP_EMP(1.0),Hospital employment,I,LVA,Latvia,HE,Hospital employment,PS,Persons,_Z,Not applicable,_Z,Not applicable,PHYS,Physicians,_Z,Not applicable,_Z,Not applicable,_Z,Not applicable,2020,,3515,,,,,,,,,,,,,
DATAFLOW,OECD.ELS.HD:DSD_HEALTH_REAC_EMP@DF_HOSP_EMP(1.0),Hospital employment,I,LVA,Latvia,HE,Hospital employment,PS,Persons,_Z,Not applicable,_Z,Not applicable,PHYS,Physicians,_Z,Not applicable,_Z,Not applicable,_Z,Not applicable,2019,,3499,,,,,,,,,,,,,
DATAFLOW,OECD.ELS.HD:DSD_HEALTH_REAC_EMP@DF_HOSP_EMP(1.0),Hospital employment,I,ISL,Iceland,HE,Hospital employment,PS,Persons,_Z,Not applicable,_Z,Not applicable,PHYS,Physicians,_Z,Not applicable,_Z,Not applicable,_Z,Not applicable,2016,,907,,,,,,,,,,,,,
DATAFLOW,OECD.ELS.HD:DSD_HEALTH_REAC_EMP@DF_HOSP_EMP(1.0),Hospital employment,I,ISL,Iceland,HE,Hospital employment,PS,Persons,_Z,Not applicable,_Z,Not applicable,PHYS,Physicians,_Z,Not applicable,_Z,Not applicable,_Z,Not applicable,2015,,839,,,,,,,,,,,,,
DATAFLOW,OECD.ELS.HD:DSD_HEALTH_REAC_EMP@DF_HOSP_EMP(1.0),Hospital employment,I,HUN,Hungary,HE,Hospital employment,PS,Persons,_Z,Not applicable,_Z,Not applicable,PHYS,Physicians,_Z,Not applicable,_Z,Not applicable,_Z,Not applicable,2017,,20018,,,,,,,,,,,,,
DATAFLOW,OECD.ELS.HD:DSD_HEALTH_REAC_EMP@DF_HOSP_EMP(1.0),Hospital employment,I,LVA,Latvia,HE,Hospital employment,PS,Persons,_Z,Not applicable,_Z,Not applicable,PHYS,Physicians,_Z,Not applicable,_Z,Not applicable,_Z,Not applicable,2015,,3622,,,,,,,,,,,,,
DATAFLOW,OECD.ELS.HD:DSD_HEALTH_REAC_EMP@DF_HOSP_EMP(1.0),Hospital employment,I,LVA,Latvia,HE,Hospital employment,PS,Persons,_Z,Not applicable,_Z,Not applicable,PHYS,Physicians,_Z,Not applicable,_Z,Not applicable,_Z,Not applicable,2022,,3598,,,,,,,,,,,,,
DATAFLOW,OECD.ELS.HD:DSD_HEALTH_REAC_EMP@DF_HOSP_EMP(1.0),Hospital employment,I,CRI,Costa Rica,HE,Hospital employment,PS,Persons,_Z,Not applicable,_Z,Not applicable,PHYS,Physicians,_Z,Not applicable,_Z,Not applicable,_Z,Not applicable,2023,,8552,,,,,,,,,,,,,
DATAFLOW,OECD.ELS.HD:DSD_HEALTH_REAC_EMP@DF_HOSP_EMP(1.0),Hospital employment,I,CRI,Costa Rica,HE,Hospital employment,PS,Persons,_Z,Not applicable,_Z,Not applicable,PHYS,Physicians,_Z,Not applicable,_Z,Not applicable,_Z,Not applicable,2022,,8477,,,,,,,,,,,,,
DATAFLOW,OECD.ELS.HD:DSD_HEALTH_REAC_EMP@DF_HOSP_EMP(1.0),Hospital employment,I,CRI,Costa Rica,HE,Hospital employment,PS,Persons,_Z,Not applicable,_Z,Not applicable,PHYS,Physicians,_Z,Not applicable,_Z,Not applicable,_Z,Not applicable,2021,,8536,,,,,,,,,,,,,
DATAFLOW,OECD.ELS.HD:DSD_HEALTH_REAC_EMP@DF_HOSP_EMP(1.0),Hospital employment,I,CRI,Costa Rica,HE,Hospital employment,PS,Persons,_Z,Not applicable,_Z,Not applicable,PHYS,Physicians,_Z,Not applicable,_Z,Not applicable,_Z,Not applicable,2020,,8221,,,,,,,,,,,,,
DATAFLOW,OECD.ELS.HD:DSD_HEALTH_REAC_EMP@DF_HOSP_EMP(1.0),Hospital employment,I,CRI,Costa Rica,HE,Hospital employment,PS,Persons,_Z,Not applicable,_Z,Not applicable,PHYS,Physicians,_Z,Not applicable,_Z,Not applicable,_Z,Not applicable,2019,,7712,,,,,,,,,,,,,
DATAFLOW,OECD.ELS.HD:DSD_HEALTH_REAC_EMP@DF_HOSP_EMP(1.0),Hospital employment,I,CRI,Costa Rica,HE,Hospital employment,PS,Persons,_Z,Not applicable,_Z,Not applicable,PHYS,Physicians,_Z,Not applicable,_Z,Not applicable,_Z,Not applicable,2018,,7466,,,,,,,,,,,,,
DATAFLOW,OECD.ELS.HD:DSD_HEALTH_REAC_EMP@DF_HOSP_EMP(1.0),Hospital employment,I,CRI,Costa Rica,HE,Hospital employment,PS,Persons,_Z,Not applicable,_Z,Not applicable,PHYS,Physicians,_Z,Not applicable,_Z,Not applicable,_Z,Not applicable,2017,,7174,,,,,,,,,,,,,
DATAFLOW,OECD.ELS.HD:DSD_HEALTH_REAC_EMP@DF_HOSP_EMP(1.0),Hospital employment,I,CRI,Costa Rica,HE,Hospital employment,PS,Persons,_Z,Not applicable,_Z,Not applicable,PHYS,Physicians,_Z,Not applicable,_Z,Not applicable,_Z,Not applicable,2016,,6849,,,,,,,,,,,,,
DATAFLOW,OECD.ELS.HD:DSD_HEALTH_REAC_EMP@DF_HOSP_EMP(1.0),Hospital employment,I,CRI,Costa Rica,HE,Hospital employment,PS,Persons,_Z,Not applicable,_Z,Not applicable,PHYS,Physicians,_Z,Not applicable,_Z,Not applicable,_Z,Not applicable,2015,,6596,,,,,,,,,,,,,
DATAFLOW,OECD.ELS.HD:DSD_HEALTH_REAC_EMP@DF_HOSP_EMP(1.0),Hospital employment,I,DEU,Germany,HE,Hospital employment,PS,Persons,_Z,Not applicable,_Z,Not applicable,PHYS,Physicians,_Z,Not applicable,_Z,Not applicable,_Z,Not applicable,2022,,216000,,,,,,,,,,,,,
DATAFLOW,OECD.ELS.HD:DSD_HEALTH_REAC_EMP@DF_HOSP_EMP(1.0),Hospital employment,I,DEU,Germany,HE,Hospital employment,PS,Persons,_Z,Not applicable,_Z,Not applicable,PHYS,Physicians,_Z,Not applicable,_Z,Not applicable,_Z,Not applicable,2021,,212000,,,,,,,,,,,,,
DATAFLOW,OECD.ELS.HD:DSD_HEALTH_REAC_EMP@DF_HOSP_EMP(1.0),Hospital employment,I,DEU,Germany,HE,Hospital employment,PS,Persons,_Z,Not applicable,_Z,Not applicable,PHYS,Physicians,_Z,Not applicable,_Z,Not applicable,_Z,Not applicable,2020,,210000,,,,,,,,,,,,,
DATAFLOW,OECD.ELS.HD:DSD_HEALTH_REAC_EMP@DF_HOSP_EMP(1.0),Hospital employment,I,DEU,Germany,HE,Hospital employment,PS,Persons,_Z,Not applicable,_Z,Not applicable,PHYS,Physicians,_Z,Not applicable,_Z,Not applicable,_Z,Not applicable,2019,,206000,,,,,,,,,,,,,
DATAFLOW,OECD.ELS.HD:DSD_HEALTH_REAC_EMP@DF_HOSP_EMP(1.0),Hospital employment,I,DEU,Germany,HE,Hospital employment,PS,Persons,_Z,Not applicable,_Z,Not applicable,PHYS,Physicians,_Z,Not applicable,_Z,Not applicable,_Z,Not applicable,2018,,200000,,,,,,,,,,,,,
DATAFLOW,OECD.ELS.HD:DSD_HEALTH_REAC_EMP@DF_HOSP_EMP(1.0),Hospital employment,I,DEU,Germany,HE,Hospital employment,PS,Persons,_Z,Not applicable,_Z,Not applicable,PHYS,Physicians,_Z,Not applicable,_Z,Not applicable,_Z,Not applicable,2017,,196000,,,,,,,,,,,,,
DATAFLOW,OECD.ELS.HD:DSD_HEALTH_REAC_EMP@DF_HOSP_EMP(1.0),Hospital employment,I,DEU,Germany,HE,Hospital employment,PS,Persons,_Z,Not applicable,_Z,Not applicable,PHYS,Physicians,_Z,Not applicable,_Z,Not applicable,_Z,Not applicable,2016,,190000,,,,,,,,,,,,,
DATAFLOW,OECD.ELS.HD:DSD_HEALTH_REAC_EMP@DF_HOSP_EMP(1.0),Hospital employment,I,DEU,Germany,HE,Hospital employment,PS,Persons,_Z,Not applicable,_Z,Not applicable,PHYS,Physicians,_Z,Not applicable,_Z,Not applicable,_Z,Not applicable,2015,,184000,,,,,,,,,,,,,
DATAFLOW,OECD.ELS.HD:DSD_HEALTH_REAC_EMP@DF_HOSP_EMP(1.0),Hospital employment,I,ITA,Italy,HE,Hospital employment,PS,Persons,_Z,Not applicable,_Z,Not applicable,PHYS,Physicians,_Z,Not applicable,_Z,Not applicable,_Z,Not applicable,2015,,125326,,,,,,,,,,,,,
DATAFLOW,OECD.ELS.HD:DSD_HEALTH_REAC_EMP@DF_HOSP_EMP(1.0),Hospital employment,I,ITA,Italy,HE,Hospital employment,PS,Persons,_Z,Not applicable,_Z,Not applicable,PHYS,Physicians,_Z,Not applicable,_Z,Not applicable,_Z,Not applicable,2022,,140530,,,,,,,,,,,,,
DATAFLOW,OECD.ELS.HD:DSD_HEALTH_REAC_EMP@DF_HOSP_EMP(1.0),Hospital employment,I,ITA,Italy,HE,Hospital employment,PS,Persons,_Z,Not applicable,_Z,Not applicable,PHYS,Physicians,_Z,Not applicable,_Z,Not applicable,_Z,Not applicable,2021,,139119,,,,,,,,,,,,,
DATAFLOW,OECD.ELS.HD:DSD_HEALTH_REAC_EMP@DF_HOSP_EMP(1.0),Hospital employment,I,ITA,Italy,HE,Hospital employment,PS,Persons,_Z,Not applicable,_Z,Not applicable,PHYS,Physicians,_Z,Not applicable,_Z,Not applicable,_Z,Not applicable,2020,,138548,,,,,,,,,,,,,
DATAFLOW,OECD.ELS.HD:DSD_HEALTH_REAC_EMP@DF_HOSP_EMP(1.0),Hospital employment,I,ITA,Italy,HE,Hospital employment,PS,Persons,_Z,Not applicable,_Z,Not applicable,PHYS,Physicians,_Z,Not applicable,_Z,Not applicable,_Z,Not applicable,2019,,137131,,,,,,,,,,,,,
DATAFLOW,OECD.ELS.HD:DSD_HEALTH_REAC_EMP@DF_HOSP_EMP(1.0),Hospital employment,I,ITA,Italy,HE,Hospital employment,PS,Persons,_Z,Not applicable,_Z,Not applicable,PHYS,Physicians,_Z,Not applicable,_Z,Not applicable,_Z,Not applicable,2018,,136067,,,,,,,,,,,,,
DATAFLOW,OECD.ELS.HD:DSD_HEALTH_REAC_EMP@DF_HOSP_EMP(1.0),Hospital employment,I,ITA,Italy,HE,Hospital employment,PS,Persons,_Z,Not applicable,_Z,Not applicable,PHYS,Physicians,_Z,Not applicable,_Z,Not applicable,_Z,Not applicable,2017,,130367,,,,,,,,,,,,,
DATAFLOW,OECD.ELS.HD:DSD_HEALTH_REAC_EMP@DF_HOSP_EMP(1.0),Hospital employment,I,ITA,Italy,HE,Hospital employment,PS,Persons,_Z,Not applicable,_Z,Not applicable,PHYS,Physicians,_Z,Not applicable,_Z,Not applicable,_Z,Not applicable,2016,,128202,,,,,,,,,,,,,
DATAFLOW,OECD.ELS.HD:DSD_HEALTH_REAC_EMP@DF_HOSP_EMP(1.0),Hospital employment,I,NLD,Netherlands,HE,Hospital employment,PS,Persons,_Z,Not applicable,_Z,Not applicable,PHYS,Physicians,_Z,Not applicable,_Z,Not applicable,_Z,Not applicable,2021,,24272,,,,,,,,,,,,,
DATAFLOW,OECD.ELS.HD:DSD_HEALTH_REAC_EMP@DF_HOSP_EMP(1.0),Hospital employment,I,NLD,Netherlands,HE,Hospital employment,PS,Persons,_Z,Not applicable,_Z,Not applicable,PHYS,Physicians,_Z,Not applicable,_Z,Not applicable,_Z,Not applicable,2020,,24000,,,,,,,,,,,,,
DATAFLOW,OECD.ELS.HD:DSD_HEALTH_REAC_EMP@DF_HOSP_EMP(1.0),Hospital employment,I,NLD,Netherlands,HE,Hospital employment,PS,Persons,_Z,Not applicable,_Z,Not applicable,PHYS,Physicians,_Z,Not applicable,_Z,Not applicable,_Z,Not applicable,2019,,23583,,,,,,,,,,,,,
DATAFLOW,OECD.ELS.HD:DSD_HEALTH_REAC_EMP@DF_HOSP_EMP(1.0),Hospital employment,I,NLD,Netherlands,HE,Hospital employment,PS,Persons,_Z,Not applicable,_Z,Not applicable,PHYS,Physicians,_Z,Not applicable,_Z,Not applicable,_Z,Not applicable,2018,,23136,,,,,,,,,,,,,
DATAFLOW,OECD.ELS.HD:DSD_HEALTH_REAC_EMP@DF_HOSP_EMP(1.0),Hospital employment,I,NLD,Netherlands,HE,Hospital employment,PS,Persons,_Z,Not applicable,_Z,Not applicable,PHYS,Physicians,_Z,Not applicable,_Z,Not applicable,_Z,Not applicable,2017,,23469,,,,,,,,,,,,,
DATAFLOW,OECD.ELS.HD:DSD_HEALTH_REAC_EMP@DF_HOSP_EMP(1.0),Hospital employment,I,NLD,Netherlands,HE,Hospital employment,PS,Persons,_Z,Not applicable,_Z,Not applicable,PHYS,Physicians,_Z,Not applicable,_Z,Not applicable,_Z,Not applicable,2016,,22938,,,,,,,,,,,,,
DATAFLOW,OECD.ELS.HD:DSD_HEALTH_REAC_EMP@DF_HOSP_EMP(1.0),Hospital employment,I,NLD,Netherlands,HE,Hospital employment,PS,Persons,_Z,Not applicable,_Z,Not applicable,PHYS,Physicians,_Z,Not applicable,_Z,Not applicable,_Z,Not applicable,2015,,22797,,,,,,,,,,,,,
DATAFLOW,OECD.ELS.HD:DSD_HEALTH_REAC_EMP@DF_HOSP_EMP(1.0),Hospital employment,I,NLD,Netherlands,HE,Hospital employment,PS,Persons,_Z,Not applicable,_Z,Not applicable,PHYS,Physicians,_Z,Not applicable,_Z,Not applicable,_Z,Not applicable,2022,,24238,,,,,,,,,,,,,
DATAFLOW,OECD.ELS.HD:DSD_HEALTH_REAC_EMP@DF_HOSP_EMP(1.0),Hospital employment,I,NOR,Norway,HE,Hospital employment,PS,Persons,_Z,Not applicable,_Z,Not applicable,PHYS,Physicians,_Z,Not applicable,_Z,Not applicable,_Z,Not applicable,2022,,14435,,,,,,,,,,,,,
DATAFLOW,OECD.ELS.HD:DSD_HEALTH_REAC_EMP@DF_HOSP_EMP(1.0),Hospital employment,I,NOR,Norway,HE,Hospital employment,PS,Persons,_Z,Not applicable,_Z,Not applicable,PHYS,Physicians,_Z,Not applicable,_Z,Not applicable,_Z,Not applicable,2021,,13958,,,,,,,,,,,,,
DATAFLOW,OECD.ELS.HD:DSD_HEALTH_REAC_EMP@DF_HOSP_EMP(1.0),Hospital employment,I,NOR,Norway,HE,Hospital employment,PS,Persons,_Z,Not applicable,_Z,Not applicable,PHYS,Physicians,_Z,Not applicable,_Z,Not applicable,_Z,Not applicable,2020,,13637,,,,,,,,,,,,,
DATAFLOW,OECD.ELS.HD:DSD_HEALTH_REAC_EMP@DF_HOSP_EMP(1.0),Hospital employment,I,NOR,Norway,HE,Hospital employment,PS,Persons,_Z,Not applicable,_Z,Not applicable,PHYS,Physicians,_Z,Not applicable,_Z,Not applicable,_Z,Not applicable,2019,,13181,,,,,,,,,,,,,
DATAFLOW,OECD.ELS.HD:DSD_HEALTH_REAC_EMP@DF_HOSP_EMP(1.0),Hospital employment,I,NOR,Norway,HE,Hospital employment,PS,Persons,_Z,Not applicable,_Z,Not applicable,PHYS,Physicians,_Z,Not applicable,_Z,Not applicable,_Z,Not applicable,2018,,12792,,,,,,,,,,,,,
DATAFLOW,OECD.ELS.HD:DSD_HEALTH_REAC_EMP@DF_HOSP_EMP(1.0),Hospital employment,I,NOR,Norway,HE,Hospital employment,PS,Persons,_Z,Not applicable,_Z,Not applicable,PHYS,Physicians,_Z,Not applicable,_Z,Not applicable,_Z,Not applicable,2017,,12483,,,,,,,,,,,,,
DATAFLOW,OECD.ELS.HD:DSD_HEALTH_REAC_EMP@DF_HOSP_EMP(1.0),Hospital employment,I,NOR,Norway,HE,Hospital employment,PS,Persons,_Z,Not applicable,_Z,Not applicable,PHYS,Physicians,_Z,Not applicable,_Z,Not applicable,_Z,Not applicable,2016,,12059,,,,,,,,,,,,,
DATAFLOW,OECD.ELS.HD:DSD_HEALTH_REAC_EMP@DF_HOSP_EMP(1.0),Hospital employment,I,NOR,Norway,HE,Hospital employment,PS,Persons,_Z,Not applicable,_Z,Not applicable,PHYS,Physicians,_Z,Not applicable,_Z,Not applicable,_Z,Not applicable,2015,,11682,,,,B,Time series break,,,,,,,,
DATAFLOW,OECD.ELS.HD:DSD_HEALTH_REAC_EMP@DF_HOSP_EMP(1.0),Hospital employment,I,NOR,Norway,HE,Hospital employment,PS,Persons,_Z,Not applicable,_Z,Not applicable,PHYS,Physicians,_Z,Not applicable,_Z,Not applicable,_Z,Not applicable,2023,,14667,,,,,,,,,,,,,
DATAFLOW,OECD.ELS.HD:DSD_HEALTH_REAC_EMP@DF_HOSP_EMP(1.0),Hospital employment,I,KOR,Korea,HE,Hospital employment,PS,Persons,_Z,Not applicable,_Z,Not applicable,PHYS,Physicians,_Z,Not applicable,_Z,Not applicable,_Z,Not applicable,2021,,66445,,,,,,,,,,,,,
DATAFLOW,OECD.ELS.HD:DSD_HEALTH_REAC_EMP@DF_HOSP_EMP(1.0),Hospital employment,I,KOR,Korea,HE,Hospital employment,PS,Persons,_Z,Not applicable,_Z,Not applicable,PHYS,Physicians,_Z,Not applicable,_Z,Not applicable,_Z,Not applicable,2020,,65658,,,,,,,,,,,,,
DATAFLOW,OECD.ELS.HD:DSD_HEALTH_REAC_EMP@DF_HOSP_EMP(1.0),Hospital employment,I,KOR,Korea,HE,Hospital employment,PS,Persons,_Z,Not applicable,_Z,Not applicable,PHYS,Physicians,_Z,Not applicable,_Z,Not applicable,_Z,Not applicable,2019,,64249,,,,,,,,,,,,,
DATAFLOW,OECD.ELS.HD:DSD_HEALTH_REAC_EMP@DF_HOSP_EMP(1.0),Hospital employment,I,KOR,Korea,HE,Hospital employment,PS,Persons,_Z,Not applicable,_Z,Not applicable,PHYS,Physicians,_Z,Not applicable,_Z,Not applicable,_Z,Not applicable,2018,,62503,,,,,,,,,,,,,
DATAFLOW,OECD.ELS.HD:DSD_HEALTH_REAC_EMP@DF_HOSP_EMP(1.0),Hospital employment,I,KOR,Korea,HE,Hospital employment,PS,Persons,_Z,Not applicable,_Z,Not applicable,PHYS,Physicians,_Z,Not applicable,_Z,Not applicable,_Z,Not applicable,2017,,61554,,,,,,,,,,,,,
DATAFLOW,OECD.ELS.HD:DSD_HEALTH_REAC_EMP@DF_HOSP_EMP(1.0),Hospital employment,I,KOR,Korea,HE,Hospital employment,PS,Persons,_Z,Not applicable,_Z,Not applicable,PHYS,Physicians,_Z,Not applicable,_Z,Not applicable,_Z,Not applicable,2016,,60377,,,,,,,,,,,,,
DATAFLOW,OECD.ELS.HD:DSD_HEALTH_REAC_EMP@DF_HOSP_EMP(1.0),Hospital employment,I,KOR,Korea,HE,Hospital employment,PS,Persons,_Z,Not applicable,_Z,Not applicable,PHYS,Physicians,_Z,Not applicable,_Z,Not applicable,_Z,Not applicable,2015,,58850,,,,,,,,,,,,,
DATAFLOW,OECD.ELS.HD:DSD_HEALTH_REAC_EMP@DF_HOSP_EMP(1.0),Hospital employment,I,KOR,Korea,HE,Hospital employment,PS,Persons,_Z,Not applicable,_Z,Not applicable,PHYS,Physicians,_Z,Not applicable,_Z,Not applicable,_Z,Not applicable,2022,,66835,,,,,,,,,,,,,
DATAFLOW,OECD.ELS.HD:DSD_HEALTH_REAC_EMP@DF_HOSP_EMP(1.0),Hospital employment,I,AUT,Austria,HE,Hospital employment,PS,Persons,_Z,Not applicable,_Z,Not applicable,PHYS,Physicians,_Z,Not applicable,_Z,Not applicable,_Z,Not applicable,2017,,24646,,,,D,Definition differs,,,,,,,,
DATAFLOW,OECD.ELS.HD:DSD_HEALTH_REAC_EMP@DF_HOSP_EMP(1.0),Hospital employment,I,AUT,Austria,HE,Hospital employment,PS,Persons,_Z,Not applicable,_Z,Not applicable,PHYS,Physicians,_Z,Not applicable,_Z,Not applicable,_Z,Not applicable,2015,,23996,,,,D,Definition differs,,,,,,,,
DATAFLOW,OECD.ELS.HD:DSD_HEALTH_REAC_EMP@DF_HOSP_EMP(1.0),Hospital employment,I,AUT,Austria,HE,Hospital employment,PS,Persons,_Z,Not applicable,_Z,Not applicable,PHYS,Physicians,_Z,Not applicable,_Z,Not applicable,_Z,Not applicable,2016,,24659,,,,D,Definition differs,,,,,,,,
DATAFLOW,OECD.ELS.HD:DSD_HEALTH_REAC_EMP@DF_HOSP_EMP(1.0),Hospital employment,I,AUT,Austria,HE,Hospital employment,PS,Persons,_Z,Not applicable,_Z,Not applicable,PHYS,Physicians,_Z,Not applicable,_Z,Not applicable,_Z,Not applicable,2022,,26309,,,,D,Definition differs,,,,,,,,
DATAFLOW,OECD.ELS.HD:DSD_HEALTH_REAC_EMP@DF_HOSP_EMP(1.0),Hospital employment,I,AUT,Austria,HE,Hospital employment,PS,Persons,_Z,Not applicable,_Z,Not applicable,PHYS,Physicians,_Z,Not applicable,_Z,Not applicable,_Z,Not applicable,2021,,26040,,,,D,Definition differs,,,,,,,,
DATAFLOW,OECD.ELS.HD:DSD_HEALTH_REAC_EMP@DF_HOSP_EMP(1.0),Hospital employment,I,AUT,Austria,HE,Hospital employment,PS,Persons,_Z,Not applicable,_Z,Not applicable,PHYS,Physicians,_Z,Not applicable,_Z,Not applicable,_Z,Not applicable,2020,,26047,,,,D,Definition differs,,,,,,,,
DATAFLOW,OECD.ELS.HD:DSD_HEALTH_REAC_EMP@DF_HOSP_EMP(1.0),Hospital employment,I,AUT,Austria,HE,Hospital employment,PS,Persons,_Z,Not applicable,_Z,Not applicable,PHYS,Physicians,_Z,Not applicable,_Z,Not applicable,_Z,Not applicable,2019,,25927,,,,D,Definition differs,,,,,,,,
DATAFLOW,OECD.ELS.HD:DSD_HEALTH_REAC_EMP@DF_HOSP_EMP(1.0),Hospital employment,I,AUT,Austria,HE,Hospital employment,PS,Persons,_Z,Not applicable,_Z,Not applicable,PHYS,Physicians,_Z,Not applicable,_Z,Not applicable,_Z,Not applicable,2018,,25079,,,,D,Definition differs,,,,,,,,
DATAFLOW,OECD.ELS.HD:DSD_HEALTH_REAC_EMP@DF_HOSP_EMP(1.0),Hospital employment,I,CHL,Chile,HE,Hospital employment,PS,Persons,_Z,Not applicable,_Z,Not applicable,PHYS,Physicians,_Z,Not applicable,_Z,Not applicable,_Z,Not applicable,2019,,19292,,,,,,,,,,,,,
DATAFLOW,OECD.ELS.HD:DSD_HEALTH_REAC_EMP@DF_HOSP_EMP(1.0),Hospital employment,I,CHL,Chile,HE,Hospital employment,PS,Persons,_Z,Not applicable,_Z,Not applicable,PHYS,Physicians,_Z,Not applicable,_Z,Not applicable,_Z,Not applicable,2018,,18066,,,,,,,,,,,,,
DATAFLOW,OECD.ELS.HD:DSD_HEALTH_REAC_EMP@DF_HOSP_EMP(1.0),Hospital employment,I,CHL,Chile,HE,Hospital employment,PS,Persons,_Z,Not applicable,_Z,Not applicable,PHYS,Physicians,_Z,Not applicable,_Z,Not applicable,_Z,Not applicable,2017,,16401,,,,,,,,,,,,,
DATAFLOW,OECD.ELS.HD:DSD_HEALTH_REAC_EMP@DF_HOSP_EMP(1.0),Hospital employment,I,CHL,Chile,HE,Hospital employment,PS,Persons,_Z,Not applicable,_Z,Not applicable,PHYS,Physicians,_Z,Not applicable,_Z,Not applicable,_Z,Not applicable,2023,,24752,,,,,,,,,,,,,
DATAFLOW,OECD.ELS.HD:DSD_HEALTH_REAC_EMP@DF_HOSP_EMP(1.0),Hospital employment,I,CHL,Chile,HE,Hospital employment,PS,Persons,_Z,Not applicable,_Z,Not applicable,PHYS,Physicians,_Z,Not applicable,_Z,Not applicable,_Z,Not applicable,2022,,23443,,,,,,,,,,,,,
DATAFLOW,OECD.ELS.HD:DSD_HEALTH_REAC_EMP@DF_HOSP_EMP(1.0),Hospital employment,I,CHL,Chile,HE,Hospital employment,PS,Persons,_Z,Not applicable,_Z,Not applicable,PHYS,Physicians,_Z,Not applicable,_Z,Not applicable,_Z,Not applicable,2021,,21637,,,,,,,,,,,,,
DATAFLOW,OECD.ELS.HD:DSD_HEALTH_REAC_EMP@DF_HOSP_EMP(1.0),Hospital employment,I,CHL,Chile,HE,Hospital employment,PS,Persons,_Z,Not applicable,_Z,Not applicable,PHYS,Physicians,_Z,Not applicable,_Z,Not applicable,_Z,Not applicable,2020,,20716,,,,,,,,,,,,,
DATAFLOW,OECD.ELS.HD:DSD_HEALTH_REAC_EMP@DF_HOSP_EMP(1.0),Hospital employment,I,CHL,Chile,HE,Hospital employment,PS,Persons,_Z,Not applicable,_Z,Not applicable,PHYS,Physicians,_Z,Not applicable,_Z,Not applicable,_Z,Not applicable,2016,,14743,,,,,,,,,,,,,
DATAFLOW,OECD.ELS.HD:DSD_HEALTH_REAC_EMP@DF_HOSP_EMP(1.0),Hospital employment,I,CHL,Chile,HE,Hospital employment,PS,Persons,_Z,Not applicable,_Z,Not applicable,PHYS,Physicians,_Z,Not applicable,_Z,Not applicable,_Z,Not applicable,2015,,13562,,,,,,,,,,,,,
